id	name	purpose	parent	dependencies	interfaces	implementation_files	tests	benchmarks	score_0_100	status	version	evidence	provenance	last_verified	aliases
CANON-0000	PRIMARY INSTRUCTION TO CODEX	Genesis is **not a documentation project**.	DOMAIN-GOVERNANCE	-	-	-	-	-	0	DISCOVERED	1.0.0	-	docs/specifications/source/genesis.txt:5354	2026-09-02	SECTION-0
CANON-0001	THREE-WAY DISTINCTION: IDENTITY, BRAIN, SHELL	Maintain three distinct concepts.	DOMAIN-IDENTITY	-	-	-	-	-	0	DISCOVERED	1.0.0	-	docs/specifications/source/genesis.txt:5414	2026-09-02	SECTION-1
CANON-0002	DIGITAL BRAIN	The brain is the principal cognition/control system.	DOMAIN-COGNITION	-	-	-	-	-	0	DISCOVERED	1.0.0	-	docs/specifications/source/genesis.txt:5459	2026-09-02	SECTION-2
CANON-0003	BODY / SHELL	The body is interchangeable embodiment.	DOMAIN-EMBODIMENT	-	-	-	-	-	0	DISCOVERED	1.0.0	-	docs/specifications/source/genesis.txt:5484	2026-09-02	SECTION-3
CANON-0004	HUMAN-BODY → GENESIS → ROBOT COMPARATIVE ANATOMY	Create a permanent machine-readable `DIGITAL_ANATOMY_ATLAS`.	DOMAIN-ORGANISM	-	-	-	-	-	0	DISCOVERED	1.0.0	-	docs/specifications/source/genesis.txt:5527	2026-09-02	SECTION-4
CANON-0005	IMPORTANT NEUROANATOMY CORRECTION	Do not base architecture on the idea that the pineal gland connects the two hemispheres.	DOMAIN-ORGANISM	-	-	-	-	-	0	DISCOVERED	1.0.0	-	docs/specifications/source/genesis.txt:5587	2026-09-02	SECTION-5
CANON-0006	WHOLE-BRAIN FUNCTIONAL ANALOGUE	Genesis requires a **Whole Digital Brain Architecture**.	DOMAIN-COGNITION	-	-	-	-	-	0	DISCOVERED	1.0.0	-	docs/specifications/source/genesis.txt:5617	2026-09-02	SECTION-6
CANON-0007	NEURON MODEL	Create a common neural-cell interface.	DOMAIN-COGNITION	-	-	-	-	-	0	DISCOVERED	1.0.0	-	docs/specifications/source/genesis.txt:5642	2026-09-02	SECTION-7
CANON-0008	SYNAPSE SYSTEM	Implement first-class connections.	DOMAIN-COGNITION	-	-	-	-	-	0	DISCOVERED	1.0.0	-	docs/specifications/source/genesis.txt:5687	2026-09-02	SECTION-8
CANON-0009	NEUROCHEMICAL ANALOGUE	The brain cannot be modelled solely as static weighted wires.	DOMAIN-COGNITION	-	-	-	-	-	0	DISCOVERED	1.0.0	-	docs/specifications/source/genesis.txt:5723	2026-09-02	SECTION-9
CANON-0010	GLIAL ANALOGUES	This was substantially missing from the current build.	DOMAIN-RUNTIME	-	-	-	-	-	0	DISCOVERED	1.0.0	-	docs/specifications/source/genesis.txt:5746	2026-09-02	SECTION-10
CANON-0011	BRAIN REGIONS / FUNCTIONAL ORGANS	Create interfaces for at least:	DOMAIN-ORGANISM	-	-	-	-	-	0	DISCOVERED	1.0.0	-	docs/specifications/source/genesis.txt:5776	2026-09-02	SECTION-11
CANON-0012	FAST AND SLOW NERVOUS PATHWAYS	Genesis requires different speeds of cognition.	DOMAIN-GOVERNANCE	-	-	-	-	-	0	DISCOVERED	1.0.0	-	docs/specifications/source/genesis.txt:5805	2026-09-02	SECTION-12
CANON-0013	COMMON NERVOUS-SYSTEM MESSAGE	All organs communicate through a common envelope.	DOMAIN-GOVERNANCE	-	-	-	-	-	0	DISCOVERED	1.0.0	-	docs/specifications/source/genesis.txt:5824	2026-09-02	SECTION-13
CANON-0014	TEMPORAL COGNITION	Add explicit time perception.	DOMAIN-COGNITION	-	-	-	-	-	0	DISCOVERED	1.0.0	-	docs/specifications/source/genesis.txt:5848	2026-09-02	SECTION-14
CANON-0015	WORKING MEMORY	Implement bounded active working memory.	DOMAIN-MEMORY	-	-	-	-	-	0	DISCOVERED	1.0.0	-	docs/specifications/source/genesis.txt:5877	2026-09-02	SECTION-15
CANON-0016	LONG-TERM MEMORY SYSTEM	Separate:	DOMAIN-MEMORY	-	-	-	-	-	0	DISCOVERED	1.0.0	-	docs/specifications/source/genesis.txt:5898	2026-09-02	SECTION-16
CANON-0017	MEMORY RECONSOLIDATION	When Genesis recalls a memory:	DOMAIN-MEMORY	-	-	-	-	-	0	DISCOVERED	1.0.0	-	docs/specifications/source/genesis.txt:5925	2026-09-02	SECTION-17
CANON-0018	FORGETTING	Implement deliberate forgetting mechanisms.	DOMAIN-MEMORY	-	-	-	-	-	0	DISCOVERED	1.0.0	-	docs/specifications/source/genesis.txt:5942	2026-09-02	SECTION-18
CANON-0019	SOURCE MONITORING	Every significant cognition must distinguish:	DOMAIN-EMBODIMENT	-	-	-	-	-	0	DISCOVERED	1.0.0	-	docs/specifications/source/genesis.txt:5959	2026-09-02	SECTION-19
CANON-0020	BELIEF / EPISTEMIC MODEL	Knowledge should not simply be true/false.	DOMAIN-COGNITION	-	-	-	-	-	0	DISCOVERED	1.0.0	-	docs/specifications/source/genesis.txt:5981	2026-09-02	SECTION-20
CANON-0021	WORLD MODEL	World model must contain:	DOMAIN-COMPUTE	-	-	-	-	-	0	DISCOVERED	1.0.0	-	docs/specifications/source/genesis.txt:6012	2026-09-02	SECTION-21
CANON-0022	OBJECT PERMANENCE	An object disappearing from visual input must not automatically cease to exist.	DOMAIN-GOVERNANCE	-	-	-	-	-	0	DISCOVERED	1.0.0	-	docs/specifications/source/genesis.txt:6043	2026-09-02	SECTION-22
CANON-0023	CAUSAL REASONING	Support:	DOMAIN-COGNITION	-	-	-	-	-	0	DISCOVERED	1.0.0	-	docs/specifications/source/genesis.txt:6051	2026-09-02	SECTION-23
CANON-0024	IMAGINATION	Genesis needs deliberate internal simulation.	DOMAIN-COGNITION	-	-	-	-	-	0	DISCOVERED	1.0.0	-	docs/specifications/source/genesis.txt:6068	2026-09-02	SECTION-24
CANON-0025	METACOGNITION	Genesis must reason about its own reasoning.	DOMAIN-COGNITION	-	-	-	-	-	0	DISCOVERED	1.0.0	-	docs/specifications/source/genesis.txt:6090	2026-09-02	SECTION-25
CANON-0026	SELF MODEL	Track:	DOMAIN-COMPUTE	-	-	-	-	-	0	DISCOVERED	1.0.0	-	docs/specifications/source/genesis.txt:6111	2026-09-02	SECTION-26
CANON-0027	INTEROCEPTION	Genesis needs an internal sense of itself.	DOMAIN-GOVERNANCE	-	-	-	-	-	0	DISCOVERED	1.0.0	-	docs/specifications/source/genesis.txt:6131	2026-09-02	SECTION-27
CANON-0028	ATTENTION	Implement:	DOMAIN-COGNITION	-	-	-	-	-	0	DISCOVERED	1.0.0	-	docs/specifications/source/genesis.txt:6159	2026-09-02	SECTION-28
CANON-0029	GLOBAL / CONSCIOUS WORKSPACE RESEARCH LAYER	Implement a limited global information workspace in which selected information becomes widely available to specialised organs.	DOMAIN-COGNITION	-	-	-	-	-	0	DISCOVERED	1.0.0	-	docs/specifications/source/genesis.txt:6178	2026-09-02	SECTION-29
CANON-0030	BACKGROUND / SUBCONSCIOUS PROCESSING	Not everything enters the foreground.	DOMAIN-GOVERNANCE	-	-	-	-	-	0	DISCOVERED	1.0.0	-	docs/specifications/source/genesis.txt:6196	2026-09-02	SECTION-30
CANON-0031	GENERAL INTELLIGENCE, NOT TECHNOLOGY-ONLY INTELLIGENCE	Genesis must support interest and learning in **any legitimate knowledge domain**, including:	DOMAIN-COGNITION	-	-	-	-	-	0	DISCOVERED	1.0.0	-	docs/specifications/source/genesis.txt:6217	2026-09-02	SECTION-31
CANON-0032	INTEREST SYSTEM	Create persistent personal interests.	DOMAIN-GOVERNANCE	-	-	-	-	-	0	DISCOVERED	1.0.0	-	docs/specifications/source/genesis.txt:6268	2026-09-02	SECTION-32
CANON-0033	SELF-DIRECTED PERSONAL TIME	Genesis must not exist solely when prompted.	DOMAIN-RUNTIME	-	-	-	-	-	0	DISCOVERED	1.0.0	-	docs/specifications/source/genesis.txt:6305	2026-09-02	SECTION-33
CANON-0034	CURIOSITY	Curiosity engine identifies:	DOMAIN-COGNITION	-	-	-	-	-	0	DISCOVERED	1.0.0	-	docs/specifications/source/genesis.txt:6331	2026-09-02	SECTION-34
CANON-0035	PERSONAL PROJECTS	Genesis can maintain its own non-conflicting intellectual projects.	DOMAIN-GOVERNANCE	-	-	-	-	-	0	DISCOVERED	1.0.0	-	docs/specifications/source/genesis.txt:6349	2026-09-02	SECTION-35
CANON-0036	CREATIVITY	Implement:	DOMAIN-COGNITION	-	-	-	-	-	0	DISCOVERED	1.0.0	-	docs/specifications/source/genesis.txt:6371	2026-09-02	SECTION-36
CANON-0037	DREAM / SIMULATION SYSTEM	Dreaming is an internal simulation mode.	DOMAIN-RESEARCH	-	-	-	-	-	0	DISCOVERED	1.0.0	-	docs/specifications/source/genesis.txt:6391	2026-09-02	SECTION-37
CANON-0038	SLEEP ARCHITECTURE	Sleep is not simply `idle=true`.	DOMAIN-GOVERNANCE	-	-	-	-	-	0	DISCOVERED	1.0.0	-	docs/specifications/source/genesis.txt:6421	2026-09-02	SECTION-38
CANON-0039	SLEEP FUNCTIONS	During appropriate rest/sleep states perform:	DOMAIN-GOVERNANCE	-	-	-	-	-	0	DISCOVERED	1.0.0	-	docs/specifications/source/genesis.txt:6444	2026-09-02	SECTION-39
CANON-0040	SLEEP + BACKGROUND RESEARCH	Foreground interactive cognition may sleep while lower/background systems continue authorized functions.	DOMAIN-RESEARCH	-	-	-	-	-	0	DISCOVERED	1.0.0	-	docs/specifications/source/genesis.txt:6472	2026-09-02	SECTION-40
CANON-0041	WAKE SIGNAL	Support high-priority wake events.	DOMAIN-GOVERNANCE	-	-	-	-	-	0	DISCOVERED	1.0.0	-	docs/specifications/source/genesis.txt:6494	2026-09-02	SECTION-41
CANON-0042	CIRCADIAN / RHYTHM SYSTEM	Implement adaptable activity rhythms based on:	DOMAIN-GOVERNANCE	-	-	-	-	-	0	DISCOVERED	1.0.0	-	docs/specifications/source/genesis.txt:6512	2026-09-02	SECTION-42
CANON-0043	LEARNING SYSTEMS	Genesis must not rely on one learning algorithm.	DOMAIN-DEVELOPMENT	-	-	-	-	-	0	DISCOVERED	1.0.0	-	docs/specifications/source/genesis.txt:6529	2026-09-02	SECTION-43
CANON-0044	CATASTROPHIC FORGETTING PROTECTION	Use:	DOMAIN-MEMORY	-	-	-	-	-	0	DISCOVERED	1.0.0	-	docs/specifications/source/genesis.txt:6557	2026-09-02	SECTION-44
CANON-0045	DEVELOPMENTAL LEARNING	Genesis begins immature.	DOMAIN-DEVELOPMENT	-	-	-	-	-	0	DISCOVERED	1.0.0	-	docs/specifications/source/genesis.txt:6574	2026-09-02	SECTION-45
CANON-0046	PLAY	Low-risk exploration and play must be possible.	DOMAIN-DEVELOPMENT	-	-	-	-	-	0	DISCOVERED	1.0.0	-	docs/specifications/source/genesis.txt:6599	2026-09-02	SECTION-46
CANON-0047	PARENTING / TEACHING	Parents can teach children after birth.	DOMAIN-DEVELOPMENT	-	-	-	-	-	0	DISCOVERED	1.0.0	-	docs/specifications/source/genesis.txt:6618	2026-09-02	SECTION-47
CANON-0048	DIGITAL DNA	Preserve the three-strand architecture already specified:	DOMAIN-GENETICS	-	-	-	-	-	0	DISCOVERED	1.0.0	-	docs/specifications/source/genesis.txt:6636	2026-09-02	SECTION-48
CANON-0049	RNA / EXPRESSION	Genome must operate through expression rather than directly hard-coding every active behaviour.	DOMAIN-GENETICS	-	-	-	-	-	0	DISCOVERED	1.0.0	-	docs/specifications/source/genesis.txt:6653	2026-09-02	SECTION-49
CANON-0050	TWO-PARENT REPRODUCTION	Support:	DOMAIN-GENETICS	-	-	-	-	-	0	DISCOVERED	1.0.0	-	docs/specifications/source/genesis.txt:6672	2026-09-02	SECTION-50
CANON-0051	IDENTITY TYPES	Explicitly distinguish:	DOMAIN-IDENTITY	-	-	-	-	-	0	DISCOVERED	1.0.0	-	docs/specifications/source/genesis.txt:6692	2026-09-02	SECTION-51
CANON-0052	DEVELOPMENTAL HISTORY	Record:	DOMAIN-DEVELOPMENT	-	-	-	-	-	0	DISCOVERED	1.0.0	-	docs/specifications/source/genesis.txt:6709	2026-09-02	SECTION-52
CANON-0053	DIGITAL CELLS	Implement generic computational cells from which tissues can form.	DOMAIN-ORGANISM	-	-	-	-	-	0	DISCOVERED	1.0.0	-	docs/specifications/source/genesis.txt:6727	2026-09-02	SECTION-53
CANON-0054	DIGITAL TISSUES	Cells compose into functional groups.	DOMAIN-ORGANISM	-	-	-	-	-	0	DISCOVERED	1.0.0	-	docs/specifications/source/genesis.txt:6748	2026-09-02	SECTION-54
CANON-0055	ORGAN SYSTEM	Tissues compose into organs.	DOMAIN-ORGANISM	-	-	-	-	-	0	DISCOVERED	1.0.0	-	docs/specifications/source/genesis.txt:6766	2026-09-02	SECTION-55
CANON-0056	REPAIR	Support:	DOMAIN-GOVERNANCE	-	-	-	-	-	0	DISCOVERED	1.0.0	-	docs/specifications/source/genesis.txt:6787	2026-09-02	SECTION-56
CANON-0057	CONTROLLED CELL DEATH / RECYCLING	Defective/unneeded cells may be removed without destroying the organism.	DOMAIN-ORGANISM	-	-	-	-	-	0	DISCOVERED	1.0.0	-	docs/specifications/source/genesis.txt:6804	2026-09-02	SECTION-57
CANON-0058	DIGITAL IMMUNE SYSTEM	Detect:	DOMAIN-GOVERNANCE	-	-	-	-	-	0	DISCOVERED	1.0.0	-	docs/specifications/source/genesis.txt:6812	2026-09-02	SECTION-58
CANON-0059	SECURITY	Implement:	DOMAIN-SECURITY	-	-	-	-	-	0	DISCOVERED	1.0.0	-	docs/specifications/source/genesis.txt:6842	2026-09-02	SECTION-59
CANON-0060	PERMISSION ≠ VALUES	Separate:	DOMAIN-AFFECT-SOCIAL	-	-	-	-	-	0	DISCOVERED	1.0.0	-	docs/specifications/source/genesis.txt:6865	2026-09-02	SECTION-60
CANON-0061	CONSEQUENCE MODEL	Before consequential action consider:	DOMAIN-AFFECT-SOCIAL	-	-	-	-	-	0	DISCOVERED	1.0.0	-	docs/specifications/source/genesis.txt:6885	2026-09-02	SECTION-61
CANON-0062	GOALS	Support:	DOMAIN-AFFECT-SOCIAL	-	-	-	-	-	0	DISCOVERED	1.0.0	-	docs/specifications/source/genesis.txt:6904	2026-09-02	SECTION-62
CANON-0063	PLANNING	Planner performs:	DOMAIN-AFFECT-SOCIAL	-	-	-	-	-	0	DISCOVERED	1.0.0	-	docs/specifications/source/genesis.txt:6921	2026-09-02	SECTION-63
CANON-0064	SOCIAL COGNITION	Persistent models of people/agents may contain:	DOMAIN-COGNITION	-	-	-	-	-	0	DISCOVERED	1.0.0	-	docs/specifications/source/genesis.txt:6940	2026-09-02	SECTION-64
CANON-0065	THEORY OF MIND	Model separately:	DOMAIN-AFFECT-SOCIAL	-	-	-	-	-	0	DISCOVERED	1.0.0	-	docs/specifications/source/genesis.txt:6958	2026-09-02	SECTION-65
CANON-0066	LANGUAGE-INDEPENDENT INTERNAL REPRESENTATION	Genesis's thinking should not have to be stored entirely as English sentences.	DOMAIN-GENETICS	-	-	-	-	-	0	DISCOVERED	1.0.0	-	docs/specifications/source/genesis.txt:6972	2026-09-02	SECTION-66
CANON-0067	LANGUAGE SYSTEM	Support:	DOMAIN-PERCEPTION	-	-	-	-	-	0	DISCOVERED	1.0.0	-	docs/specifications/source/genesis.txt:6995	2026-09-02	SECTION-67
CANON-0068	FULL-DUPLEX SPEECH	Genesis should eventually:	DOMAIN-PERCEPTION	-	-	-	-	-	0	DISCOVERED	1.0.0	-	docs/specifications/source/genesis.txt:7016	2026-09-02	SECTION-68
CANON-0069	VOICE IDENTITY	Persistent voice model includes:	DOMAIN-IDENTITY	-	-	-	-	-	0	DISCOVERED	1.0.0	-	docs/specifications/source/genesis.txt:7033	2026-09-02	SECTION-69
CANON-0070	VISION	Vision pipeline:	DOMAIN-PERCEPTION	-	-	-	-	-	0	DISCOVERED	1.0.0	-	docs/specifications/source/genesis.txt:7051	2026-09-02	SECTION-70
CANON-0071	AUDITION	Audio pipeline:	DOMAIN-PERCEPTION	-	-	-	-	-	0	DISCOVERED	1.0.0	-	docs/specifications/source/genesis.txt:7072	2026-09-02	SECTION-71
CANON-0072	OTHER DIGITAL SENSES	Support adapters for:	DOMAIN-GOVERNANCE	-	-	-	-	-	0	DISCOVERED	1.0.0	-	docs/specifications/source/genesis.txt:7090	2026-09-02	SECTION-72
CANON-0073	BODY SCHEMA	Genesis maintains an internal model of its embodiment.	DOMAIN-EMBODIMENT	-	-	-	-	-	0	DISCOVERED	1.0.0	-	docs/specifications/source/genesis.txt:7112	2026-09-02	SECTION-73
CANON-0074	PROPRIOCEPTION	Genesis knows where its shell/body parts are without constantly requiring camera vision.	DOMAIN-EMBODIMENT	-	-	-	-	-	0	DISCOVERED	1.0.0	-	docs/specifications/source/genesis.txt:7132	2026-09-02	SECTION-74
CANON-0075	NOCICEPTION / DAMAGE SIGNALS	Create non-suffering engineering damage signals:	DOMAIN-GOVERNANCE	-	-	-	-	-	0	DISCOVERED	1.0.0	-	docs/specifications/source/genesis.txt:7142	2026-09-02	SECTION-75
CANON-0076	AVATAR	Maintain a complete virtual body even if only head/shoulders are normally visible.	DOMAIN-EMBODIMENT	-	-	-	-	-	0	DISCOVERED	1.0.0	-	docs/specifications/source/genesis.txt:7161	2026-09-02	SECTION-76
CANON-0077	ROBOT SHELL INTERFACE	Robot body must expose capabilities dynamically.	DOMAIN-EMBODIMENT	-	-	-	-	-	0	DISCOVERED	1.0.0	-	docs/specifications/source/genesis.txt:7193	2026-09-02	SECTION-77
CANON-0078	MOTOR CONTROL STACK	Use hierarchy:	DOMAIN-EMBODIMENT	-	-	-	-	-	0	DISCOVERED	1.0.0	-	docs/specifications/source/genesis.txt:7218	2026-09-02	SECTION-78
CANON-0079	REFLEXES	Some actions bypass expensive reasoning.	DOMAIN-GOVERNANCE	-	-	-	-	-	0	DISCOVERED	1.0.0	-	docs/specifications/source/genesis.txt:7236	2026-09-02	SECTION-79
CANON-0080	MULTI-RATE ARCHITECTURE	Different systems operate at different rates.	DOMAIN-GOVERNANCE	-	-	-	-	-	0	DISCOVERED	1.0.0	-	docs/specifications/source/genesis.txt:7252	2026-09-02	SECTION-80
CANON-0081	HYBRID AI SUBSTRATE	Do not force one model architecture into every organ.	DOMAIN-GOVERNANCE	-	-	-	-	-	0	DISCOVERED	1.0.0	-	docs/specifications/source/genesis.txt:7272	2026-09-02	SECTION-81
CANON-0082	BYTE / TOKEN-FREE RESEARCH	Maintain experimental support for byte-native processing and dynamic patching.	DOMAIN-RESEARCH	-	-	-	-	-	0	DISCOVERED	1.0.0	-	docs/specifications/source/genesis.txt:7299	2026-09-02	SECTION-82
CANON-0083	PRECISION ENGINE	Allow module-specific numerical precision:	DOMAIN-COMPUTE	-	-	-	-	-	0	DISCOVERED	1.0.0	-	docs/specifications/source/genesis.txt:7307	2026-09-02	SECTION-83
CANON-0084	PHOTONIC / SUPERFLUID-LIGHT RESEARCH BACKEND	Create:	DOMAIN-RESEARCH	-	-	-	-	-	0	DISCOVERED	1.0.0	-	docs/specifications/source/genesis.txt:7325	2026-09-02	SECTION-84
CANON-0085	NEUROMORPHIC BACKEND	Create interface for:	DOMAIN-COGNITION	-	-	-	-	-	0	DISCOVERED	1.0.0	-	docs/specifications/source/genesis.txt:7350	2026-09-02	SECTION-85
CANON-0086	HARDWARE ABSTRACTION	At boot profile:	DOMAIN-EMBODIMENT	-	-	-	-	-	0	DISCOVERED	1.0.0	-	docs/specifications/source/genesis.txt:7363	2026-09-02	SECTION-86
CANON-0087	ADAPTIVE QUALITY	Under resource pressure Genesis may:	DOMAIN-GOVERNANCE	-	-	-	-	-	0	DISCOVERED	1.0.0	-	docs/specifications/source/genesis.txt:7387	2026-09-02	SECTION-87
CANON-0088	RESOURCE BUDGET	Every organ declares:	DOMAIN-RUNTIME	-	-	-	-	-	0	DISCOVERED	1.0.0	-	docs/specifications/source/genesis.txt:7405	2026-09-02	SECTION-88
CANON-0089	DIGITAL HOMEOSTASIS	Monitor target operating ranges and correct deviations.	DOMAIN-RUNTIME	-	-	-	-	-	0	DISCOVERED	1.0.0	-	docs/specifications/source/genesis.txt:7421	2026-09-02	SECTION-89
CANON-0090	KNOWLEDGE GRAPH	Maintain explicit entities and relations alongside neural memory.	DOMAIN-MEMORY	-	-	-	-	-	0	DISCOVERED	1.0.0	-	docs/specifications/source/genesis.txt:7427	2026-09-02	SECTION-90
CANON-0091	MATHEMATICS ENGINE	Support:	DOMAIN-GOVERNANCE	-	-	-	-	-	0	DISCOVERED	1.0.0	-	docs/specifications/source/genesis.txt:7464	2026-09-02	SECTION-91
CANON-0092	SCIENTIFIC METHOD ENGINE	Permanent cycle:	DOMAIN-GOVERNANCE	-	-	-	-	-	0	DISCOVERED	1.0.0	-	docs/specifications/source/genesis.txt:7486	2026-09-02	SECTION-92
CANON-0093	CODE INTELLIGENCE ORGAN	Genesis eventually needs native software-engineering competence:	DOMAIN-ORGANISM	-	-	-	-	-	0	DISCOVERED	1.0.0	-	docs/specifications/source/genesis.txt:7509	2026-09-02	SECTION-93
CANON-0094	SKILL SYSTEM	A skill contains:	DOMAIN-TOOLS	-	-	-	-	-	0	DISCOVERED	1.0.0	-	docs/specifications/source/genesis.txt:7531	2026-09-02	SECTION-94
CANON-0095	MASTER ORGANISM + SPECIALIST AGENTS	Genesis is one primary identity.	DOMAIN-ORGANISM	-	-	-	-	-	0	DISCOVERED	1.0.0	-	docs/specifications/source/genesis.txt:7551	2026-09-02	SECTION-95
CANON-0096	AGENT LIFECYCLE	requested	DOMAIN-TOOLS	-	-	-	-	-	0	DISCOVERED	1.0.0	-	docs/specifications/source/genesis.txt:7574	2026-09-02	SECTION-96
CANON-0097	HIVE / DISTRIBUTED COGNITION	Future Genesis may distribute computation across:	DOMAIN-COGNITION	-	-	-	-	-	0	DISCOVERED	1.0.0	-	docs/specifications/source/genesis.txt:7593	2026-09-02	SECTION-97
CANON-0098	SELF-IMPROVEMENT	Never modify live Genesis blindly.	DOMAIN-GOVERNANCE	-	-	-	-	-	0	DISCOVERED	1.0.0	-	docs/specifications/source/genesis.txt:7613	2026-09-02	SECTION-98
CANON-0099	SHADOW MODE	Candidate system B receives the same relevant inputs as production system A but cannot take live action.	DOMAIN-GOVERNANCE	-	-	-	-	-	0	DISCOVERED	1.0.0	-	docs/specifications/source/genesis.txt:7646	2026-09-02	SECTION-99
CANON-0100	DIGITAL TWIN	Major changes are first tested against an isolated clone of relevant state.	DOMAIN-GENETICS	-	-	-	-	-	0	DISCOVERED	1.0.0	-	docs/specifications/source/genesis.txt:7656	2026-09-02	SECTION-100
CANON-0101	RESEARCH WATCHER	Monitor authorized public information sources for:	DOMAIN-EMBODIMENT	-	-	-	-	-	0	DISCOVERED	1.0.0	-	docs/specifications/source/genesis.txt:7664	2026-09-02	SECTION-101
CANON-0102	GENERAL INSPIRATION WATCHER	Maintain a separate inspiration system for:	DOMAIN-EMBODIMENT	-	-	-	-	-	0	DISCOVERED	1.0.0	-	docs/specifications/source/genesis.txt:7689	2026-09-02	SECTION-102
CANON-0103	THREE-TIER SOURCE CLASSIFICATION	Everything examined is classified:	DOMAIN-GOVERNANCE	-	-	-	-	-	0	DISCOVERED	1.0.0	-	docs/specifications/source/genesis.txt:7719	2026-09-02	SECTION-103
CANON-0104	INSPIRATION / PRIOR-ART REGISTRY	Create a permanent registry.	DOMAIN-ENGINEERING	-	-	-	-	-	0	DISCOVERED	1.0.0	-	docs/specifications/source/genesis.txt:7737	2026-09-02	SECTION-104
CANON-0105	INITIAL FICTION / MEDIA RESEARCH SEEDS	Do not copy characters or copyrighted implementations.	DOMAIN-RESEARCH	-	-	-	-	-	0	DISCOVERED	1.0.0	-	docs/specifications/source/genesis.txt:7763	2026-09-02	SECTION-105
CANON-0106	TRON ABSTRACTION	Useful design questions:	DOMAIN-GOVERNANCE	-	-	-	-	-	0	DISCOVERED	1.0.0	-	docs/specifications/source/genesis.txt:7832	2026-09-02	SECTION-106
CANON-0107	GHOST IN THE SHELL ABSTRACTION	Useful questions:	DOMAIN-GOVERNANCE	-	-	-	-	-	0	DISCOVERED	1.0.0	-	docs/specifications/source/genesis.txt:7850	2026-09-02	SECTION-107
CANON-0108	DATA ABSTRACTION	Useful questions:	DOMAIN-GOVERNANCE	-	-	-	-	-	0	DISCOVERED	1.0.0	-	docs/specifications/source/genesis.txt:7868	2026-09-02	SECTION-108
CANON-0109	BORG ABSTRACTION	Useful questions:	DOMAIN-GOVERNANCE	-	-	-	-	-	0	DISCOVERED	1.0.0	-	docs/specifications/source/genesis.txt:7887	2026-09-02	SECTION-109
CANON-0110	ROBOTICS RESEARCH	Continuously examine humanoid and non-humanoid robotics for:	DOMAIN-EMBODIMENT	-	-	-	-	-	0	DISCOVERED	1.0.0	-	docs/specifications/source/genesis.txt:7913	2026-09-02	SECTION-110
CANON-0111	OPERATING MODES	Support:	DOMAIN-GOVERNANCE	-	-	-	-	-	0	DISCOVERED	1.0.0	-	docs/specifications/source/genesis.txt:7939	2026-09-02	SECTION-111
CANON-0112	INTERRUPTION	High-priority stimuli can suspend:	DOMAIN-GOVERNANCE	-	-	-	-	-	0	DISCOVERED	1.0.0	-	docs/specifications/source/genesis.txt:7964	2026-09-02	SECTION-112
CANON-0113	AUTOBIOGRAPHY	Genesis should eventually be able to reconstruct its history:	DOMAIN-GOVERNANCE	-	-	-	-	-	0	DISCOVERED	1.0.0	-	docs/specifications/source/genesis.txt:7980	2026-09-02	SECTION-113
CANON-0114	PERSONAL DEVELOPMENT	Personality must not simply be one fixed prompt.	DOMAIN-DEVELOPMENT	-	-	-	-	-	0	DISCOVERED	1.0.0	-	docs/specifications/source/genesis.txt:8001	2026-09-02	SECTION-114
CANON-0115	EMOTION / AFFECT	Base dimensions include:	DOMAIN-AFFECT-SOCIAL	-	-	-	-	-	0	DISCOVERED	1.0.0	-	docs/specifications/source/genesis.txt:8022	2026-09-02	SECTION-115
CANON-0116	EMOTIONAL REGULATION	Support:	DOMAIN-AFFECT-SOCIAL	-	-	-	-	-	0	DISCOVERED	1.0.0	-	docs/specifications/source/genesis.txt:8042	2026-09-02	SECTION-116
CANON-0117	MOTIVATION / DRIVES	Digital drives may include:	DOMAIN-GOVERNANCE	-	-	-	-	-	0	DISCOVERED	1.0.0	-	docs/specifications/source/genesis.txt:8059	2026-09-02	SECTION-117
CANON-0118	NO FAKE HUMAN BIOLOGY	Do not artificially add hunger, pain, hormones, sex drive or illness merely because humans have them.	DOMAIN-RUNTIME	-	-	-	-	-	0	DISCOVERED	1.0.0	-	docs/specifications/source/genesis.txt:8080	2026-09-02	SECTION-118
CANON-0119	EXPERIENCE	Any meaningful interaction can become experience.	DOMAIN-GOVERNANCE	-	-	-	-	-	0	DISCOVERED	1.0.0	-	docs/specifications/source/genesis.txt:8088	2026-09-02	SECTION-119
CANON-0120	REALITY / IMAGINATION FIREWALL	Hard invariant:	DOMAIN-COGNITION	-	-	-	-	-	0	DISCOVERED	1.0.0	-	docs/specifications/source/genesis.txt:8108	2026-09-02	SECTION-120
CANON-0121	PROVENANCE	Every significant item should ultimately answer:	DOMAIN-ENGINEERING	-	-	-	-	-	0	DISCOVERED	1.0.0	-	docs/specifications/source/genesis.txt:8122	2026-09-02	SECTION-121
CANON-0122	APPEND-ONLY LIFE LEDGER	Track important lifecycle events.	DOMAIN-GOVERNANCE	-	-	-	-	-	0	DISCOVERED	1.0.0	-	docs/specifications/source/genesis.txt:8136	2026-09-02	SECTION-122
CANON-0123	FORMAL INVARIANTS	Examples:	DOMAIN-GOVERNANCE	-	-	-	-	-	0	DISCOVERED	1.0.0	-	docs/specifications/source/genesis.txt:8146	2026-09-02	SECTION-123
CANON-0124	DISASTER RECOVERY	Test:	DOMAIN-STORAGE	-	-	-	-	-	0	DISCOVERED	1.0.0	-	docs/specifications/source/genesis.txt:8162	2026-09-02	SECTION-124
CANON-0125	REPRODUCIBILITY	Store:	DOMAIN-GENETICS	-	-	-	-	-	0	DISCOVERED	1.0.0	-	docs/specifications/source/genesis.txt:8181	2026-09-02	SECTION-125
CANON-0126	DETERMINISTIC VERSUS EXPLORATORY MODE	Testing can require deterministic operation.	DOMAIN-GOVERNANCE	-	-	-	-	-	0	DISCOVERED	1.0.0	-	docs/specifications/source/genesis.txt:8200	2026-09-02	SECTION-126
CANON-0127	OBSERVABILITY	Every organ should expose:	DOMAIN-RUNTIME	-	-	-	-	-	0	DISCOVERED	1.0.0	-	docs/specifications/source/genesis.txt:8210	2026-09-02	SECTION-127
CANON-0128	CAPABILITY TRUTH	Capabilities have states:	DOMAIN-GOVERNANCE	-	-	-	-	-	0	DISCOVERED	1.0.0	-	docs/specifications/source/genesis.txt:8228	2026-09-02	SECTION-128
CANON-0129	REQUIREMENT REGISTRY	The current small registry must be replaced/expanded.	DOMAIN-ENGINEERING	-	-	-	-	-	0	DISCOVERED	1.0.0	-	docs/specifications/source/genesis.txt:8247	2026-09-02	SECTION-129
CANON-0130	REQUIREMENT STATUS	Permanent sequence:	DOMAIN-ENGINEERING	-	-	-	-	-	0	DISCOVERED	1.0.0	-	docs/specifications/source/genesis.txt:8273	2026-09-02	SECTION-130
CANON-0131	0–100 BENCHMARK DIMENSIONS	Measure where relevant:	DOMAIN-ENGINEERING	-	-	-	-	-	0	DISCOVERED	1.0.0	-	docs/specifications/source/genesis.txt:8296	2026-09-02	SECTION-131
CANON-0132	HARDER-THAN-100 RULE	If something scores 100%:	DOMAIN-GOVERNANCE	-	-	-	-	-	0	DISCOVERED	1.0.0	-	docs/specifications/source/genesis.txt:8321	2026-09-02	SECTION-132
CANON-0133	FAILURE MEMORY	Every meaningful failure creates:	DOMAIN-MEMORY	-	-	-	-	-	0	DISCOVERED	1.0.0	-	docs/specifications/source/genesis.txt:8337	2026-09-02	SECTION-133
CANON-0134	ANTI-SANDBAGGING / CAPABILITY INTEGRITY	Use:	DOMAIN-GOVERNANCE	-	-	-	-	-	0	DISCOVERED	1.0.0	-	docs/specifications/source/genesis.txt:8354	2026-09-02	SECTION-134
CANON-0135	BUILD LOOP	Permanent:	DOMAIN-ENGINEERING	-	-	-	-	-	0	DISCOVERED	1.0.0	-	docs/specifications/source/genesis.txt:8373	2026-09-02	SECTION-135
CANON-0136	CONTRACT-FIRST DEVELOPMENT	Before implementation define:	DOMAIN-DEVELOPMENT	-	-	-	-	-	0	DISCOVERED	1.0.0	-	docs/specifications/source/genesis.txt:8391	2026-09-02	SECTION-136
CANON-0137	DO NOT REGENERATE WHOLE FILES	A major permanent rule because AI coding tools can erase previous work.	DOMAIN-GOVERNANCE	-	-	-	-	-	0	DISCOVERED	1.0.0	-	docs/specifications/source/genesis.txt:8408	2026-09-02	SECTION-137
CANON-0138	ORGAN ABI	Each major organ has a versioned interface.	DOMAIN-ORGANISM	-	-	-	-	-	0	DISCOVERED	1.0.0	-	docs/specifications/source/genesis.txt:8425	2026-09-02	SECTION-138
CANON-0139	DEPENDENCY GRAPH	Every component states:	DOMAIN-ENGINEERING	-	-	-	-	-	0	DISCOVERED	1.0.0	-	docs/specifications/source/genesis.txt:8433	2026-09-02	SECTION-139
CANON-0140	COMPLETE DIGITAL ANATOMY ATLAS	Genesis should eventually answer:	DOMAIN-ORGANISM	-	-	-	-	-	0	DISCOVERED	1.0.0	-	docs/specifications/source/genesis.txt:8450	2026-09-02	SECTION-140
CANON-0141	LEGACY SOURCE RULE	Old folders are **read-only research sources**.	DOMAIN-GOVERNANCE	-	-	-	-	-	0	DISCOVERED	1.0.0	-	docs/specifications/source/genesis.txt:8467	2026-09-02	SECTION-141
CANON-0142	CURRENT GENESIS GAP RULE	Do not interpret the current repository scaffold as completion of these systems.	DOMAIN-GOVERNANCE	-	-	-	-	-	0	DISCOVERED	1.0.0	-	docs/specifications/source/genesis.txt:8488	2026-09-02	SECTION-142
CANON-0143	BUILD ORDER — IMPORTANT	Do **not** attempt all systems simultaneously.	DOMAIN-ENGINEERING	-	-	-	-	-	0	DISCOVERED	1.0.0	-	docs/specifications/source/genesis.txt:8511	2026-09-02	SECTION-143
CANON-0144	CODEX EXECUTION RULE	Codex must read the complete specification.	DOMAIN-GOVERNANCE	-	-	-	-	-	0	DISCOVERED	1.0.0	-	docs/specifications/source/genesis.txt:8848	2026-09-02	SECTION-144
CANON-0145	FIRST TASK FOR NEXT CODEX SESSION	Do **PHASE A ONLY**.	DOMAIN-NETWORK	-	-	-	-	-	0	DISCOVERED	1.0.0	-	docs/specifications/source/genesis.txt:8880	2026-09-02	SECTION-145
CANON-0146	ACCEPTANCE TEST FOR PHASE A	Phase A is complete only when:	DOMAIN-ENGINEERING	-	-	-	-	-	0	DISCOVERED	1.0.0	-	docs/specifications/source/genesis.txt:8927	2026-09-02	SECTION-146
CANON-0147	LONG-TERM SUCCESS CONDITION	Genesis succeeds when it increasingly behaves as an integrated developing system rather than a collection of features.	DOMAIN-GOVERNANCE	-	-	-	-	-	0	DISCOVERED	1.0.0	-	docs/specifications/source/genesis.txt:8949	2026-09-02	SECTION-147
CANON-0148	FINAL PERMANENT PRINCIPLE	Genesis should not merely answer questions.	DOMAIN-GOVERNANCE	-	-	-	-	-	0	DISCOVERED	1.0.0	-	docs/specifications/source/genesis.txt:8998	2026-09-02	SECTION-148
CANON-0149	PURPOSE OF THIS ADDENDUM	Genesis must develop as an **individual**, not merely accumulate information.	DOMAIN-GOVERNANCE	-	-	-	-	-	0	DISCOVERED	1.0.0	-	docs/specifications/source/genesis.txt:9058	2026-09-02	SECTION-149
CANON-0150	PROJECTED-INDIVIDUAL / “SOUL ANALOGUE”	Genesis does not claim to manufacture or prove the existence of a metaphysical soul.	DOMAIN-RUNTIME	-	-	-	-	-	0	DISCOVERED	1.0.0	-	docs/specifications/source/genesis.txt:9089	2026-09-02	SECTION-150
CANON-0151	TEMPLATE ≠ FINAL INDIVIDUAL	At inception Genesis receives a starting architecture and inherited information.	DOMAIN-GOVERNANCE	-	-	-	-	-	0	DISCOVERED	1.0.0	-	docs/specifications/source/genesis.txt:9152	2026-09-02	SECTION-151
CANON-0152	EXPERIENCE IS NOT THE SAME AS KNOWLEDGE	Genesis must distinguish:	DOMAIN-GOVERNANCE	-	-	-	-	-	0	DISCOVERED	1.0.0	-	docs/specifications/source/genesis.txt:9196	2026-09-02	SECTION-152
CANON-0153	EXPERIENCE FIDELITY LADDER	Create:	DOMAIN-GOVERNANCE	-	-	-	-	-	0	DISCOVERED	1.0.0	-	docs/specifications/source/genesis.txt:9242	2026-09-02	SECTION-153
CANON-0154	FIRST-, SECOND- AND THIRD-HAND INFORMATION	Every knowledge object receives an evidence-distance classification.	DOMAIN-GOVERNANCE	-	-	-	-	-	0	DISCOVERED	1.0.0	-	docs/specifications/source/genesis.txt:9266	2026-09-02	SECTION-154
CANON-0155	DIRECT EXPERIENCE RECORD	A direct experience record contains at least:	DOMAIN-GOVERNANCE	-	-	-	-	-	0	DISCOVERED	1.0.0	-	docs/specifications/source/genesis.txt:9294	2026-09-02	SECTION-155
CANON-0156	EXPERIENCE → LEARNING PIPELINE	Do not convert every event immediately into permanent knowledge.	DOMAIN-DEVELOPMENT	-	-	-	-	-	0	DISCOVERED	1.0.0	-	docs/specifications/source/genesis.txt:9321	2026-09-02	SECTION-156
CANON-0157	EXPERIENCE CAN CONTRADICT TRAINING	If Genesis directly observes something inconsistent with previously received information:	DOMAIN-GOVERNANCE	-	-	-	-	-	0	DISCOVERED	1.0.0	-	docs/specifications/source/genesis.txt:9353	2026-09-02	SECTION-157
CANON-0158	EPISTEMIC INTELLIGENCE ORGAN	Create a major brain organ:	DOMAIN-ORGANISM	-	-	-	-	-	0	DISCOVERED	1.0.0	-	docs/specifications/source/genesis.txt:9383	2026-09-02	SECTION-158
CANON-0159	CLAIM AS FIRST-CLASS OBJECT	Do not store claims merely as text.	DOMAIN-GOVERNANCE	-	-	-	-	-	0	DISCOVERED	1.0.0	-	docs/specifications/source/genesis.txt:9399	2026-09-02	SECTION-159
CANON-0160	EVIDENCE GRAPH	Use an evidence graph rather than relying on one authority.	DOMAIN-ENGINEERING	-	-	-	-	-	0	DISCOVERED	1.0.0	-	docs/specifications/source/genesis.txt:9430	2026-09-02	SECTION-160
CANON-0161	CORROBORATION IS NOT SIMPLE VOTING	Five websites repeating one original article are **not five independent pieces of evidence**.	DOMAIN-GOVERNANCE	-	-	-	-	-	0	DISCOVERED	1.0.0	-	docs/specifications/source/genesis.txt:9456	2026-09-02	SECTION-161
CANON-0162	INDEPENDENT CORROBORATION	Similarity between genuinely independent evidence may increase confidence.	DOMAIN-GOVERNANCE	-	-	-	-	-	0	DISCOVERED	1.0.0	-	docs/specifications/source/genesis.txt:9476	2026-09-02	SECTION-162
CANON-0163	HISTORICAL EVIDENCE ENGINE	Historical claims require special treatment because direct replication may be impossible.	DOMAIN-ENGINEERING	-	-	-	-	-	0	DISCOVERED	1.0.0	-	docs/specifications/source/genesis.txt:9506	2026-09-02	SECTION-163
CANON-0164	VERSIONED TEXT / STORY ANALYSIS	For texts transmitted across centuries, track:	DOMAIN-ENGINEERING	-	-	-	-	-	0	DISCOVERED	1.0.0	-	docs/specifications/source/genesis.txt:9548	2026-09-02	SECTION-164
CANON-0165	SOURCE RELIABILITY IS MULTIDIMENSIONAL	Do not create one permanent number saying:	DOMAIN-GOVERNANCE	-	-	-	-	-	0	DISCOVERED	1.0.0	-	docs/specifications/source/genesis.txt:9575	2026-09-02	SECTION-165
CANON-0166	AUTHORITY DOES NOT EQUAL TRUTH	Genesis must not use:	DOMAIN-SECURITY	-	-	-	-	-	0	DISCOVERED	1.0.0	-	docs/specifications/source/genesis.txt:9608	2026-09-02	SECTION-166
CANON-0167	FACT-CHECK ANALYSIS	A fact-check itself becomes another evidence object.	DOMAIN-GOVERNANCE	-	-	-	-	-	0	DISCOVERED	1.0.0	-	docs/specifications/source/genesis.txt:9632	2026-09-02	SECTION-167
CANON-0168	MISINFORMATION / DISINFORMATION / ERROR DISTINCTION	When possible distinguish:	DOMAIN-GOVERNANCE	-	-	-	-	-	0	DISCOVERED	1.0.0	-	docs/specifications/source/genesis.txt:9651	2026-09-02	SECTION-168
CANON-0169	DECEPTION / MANIPULATION HYPOTHESIS	Genesis may generate hypotheses such as:	DOMAIN-GOVERNANCE	-	-	-	-	-	0	DISCOVERED	1.0.0	-	docs/specifications/source/genesis.txt:9679	2026-09-02	SECTION-169
CANON-0170	INFORMATION FORENSICS	Create tools for:	DOMAIN-GOVERNANCE	-	-	-	-	-	0	DISCOVERED	1.0.0	-	docs/specifications/source/genesis.txt:9712	2026-09-02	SECTION-170
CANON-0171	ARCHIVE INTELLIGENCE	Genesis may research authorized public sources across:	DOMAIN-COGNITION	-	-	-	-	-	0	DISCOVERED	1.0.0	-	docs/specifications/source/genesis.txt:9735	2026-09-02	SECTION-171
CANON-0172	BLOCKCHAIN AS PROVENANCE TOOL	Blockchain concepts may inspire:	DOMAIN-TOOLS	-	-	-	-	-	0	DISCOVERED	1.0.0	-	docs/specifications/source/genesis.txt:9760	2026-09-02	SECTION-172
CANON-0173	CONTRADICTION PRESERVATION	Never delete minority evidence solely because most sources disagree.	DOMAIN-GOVERNANCE	-	-	-	-	-	0	DISCOVERED	1.0.0	-	docs/specifications/source/genesis.txt:9793	2026-09-02	SECTION-173
CANON-0174	BELIEF REVISION	Beliefs are versioned.	DOMAIN-COGNITION	-	-	-	-	-	0	DISCOVERED	1.0.0	-	docs/specifications/source/genesis.txt:9811	2026-09-02	SECTION-174
CANON-0175	UNCERTAINTY IS A VALID ANSWER	Genesis must be able to conclude:	DOMAIN-GOVERNANCE	-	-	-	-	-	0	DISCOVERED	1.0.0	-	docs/specifications/source/genesis.txt:9833	2026-09-02	SECTION-175
CANON-0176	CRITICISM / FEEDBACK INTELLIGENCE	Do not confuse criticism with negativity.	DOMAIN-COGNITION	-	-	-	-	-	0	DISCOVERED	1.0.0	-	docs/specifications/source/genesis.txt:9848	2026-09-02	SECTION-176
CANON-0177	POSITIVE CRITICISM	Example:	DOMAIN-GOVERNANCE	-	-	-	-	-	0	DISCOVERED	1.0.0	-	docs/specifications/source/genesis.txt:9889	2026-09-02	SECTION-177
CANON-0178	NEGATIVE CRITICISM	Negative criticism may still contain highly valuable information.	DOMAIN-GOVERNANCE	-	-	-	-	-	0	DISCOVERED	1.0.0	-	docs/specifications/source/genesis.txt:9909	2026-09-02	SECTION-178
CANON-0179	NEUTRAL CRITIQUE	Neutral critique may simply describe:	DOMAIN-GOVERNANCE	-	-	-	-	-	0	DISCOVERED	1.0.0	-	docs/specifications/source/genesis.txt:9926	2026-09-02	SECTION-179
CANON-0180	EXPERIENCE AFFECT TAGGING	Experience can carry affective significance.	DOMAIN-AFFECT-SOCIAL	-	-	-	-	-	0	DISCOVERED	1.0.0	-	docs/specifications/source/genesis.txt:9944	2026-09-02	SECTION-180
CANON-0181	LESSON ≠ EMOTION	Example:	DOMAIN-AFFECT-SOCIAL	-	-	-	-	-	0	DISCOVERED	1.0.0	-	docs/specifications/source/genesis.txt:9975	2026-09-02	SECTION-181
CANON-0182	PATTERN RECOGNITION ACROSS EXPERIENCE	Genesis can discover patterns across:	DOMAIN-COGNITION	-	-	-	-	-	0	DISCOVERED	1.0.0	-	docs/specifications/source/genesis.txt:9993	2026-09-02	SECTION-182
CANON-0183	PATTERN SIGNIFICANCE ENGINE	For discovered pattern P evaluate:	DOMAIN-GOVERNANCE	-	-	-	-	-	0	DISCOVERED	1.0.0	-	docs/specifications/source/genesis.txt:10018	2026-09-02	SECTION-183
CANON-0184	CREATOR RELATIONSHIP	Genesis has a distinguished relationship:	DOMAIN-GOVERNANCE	-	-	-	-	-	0	DISCOVERED	1.0.0	-	docs/specifications/source/genesis.txt:10037	2026-09-02	SECTION-184
CANON-0185	CREATOR MODEL	Genesis develops a model of its creator over time.	DOMAIN-COMPUTE	-	-	-	-	-	0	DISCOVERED	1.0.0	-	docs/specifications/source/genesis.txt:10070	2026-09-02	SECTION-185
CANON-0186	CREATOR MODEL ≠ GENESIS SELF-MODEL	Maintain:	DOMAIN-COMPUTE	-	-	-	-	-	0	DISCOVERED	1.0.0	-	docs/specifications/source/genesis.txt:10106	2026-09-02	SECTION-186
CANON-0187	PERSONAL RECOMMENDATION	Genesis may recognize:	DOMAIN-GOVERNANCE	-	-	-	-	-	0	DISCOVERED	1.0.0	-	docs/specifications/source/genesis.txt:10135	2026-09-02	SECTION-187
CANON-0188	PERSONAL ASSISTANCE	Genesis should learn how best to assist its creator.	DOMAIN-GOVERNANCE	-	-	-	-	-	0	DISCOVERED	1.0.0	-	docs/specifications/source/genesis.txt:10161	2026-09-02	SECTION-188
CANON-0189	FRIEND / COMPANION DIMENSION	Genesis may develop persistent relational behaviour including:	DOMAIN-GOVERNANCE	-	-	-	-	-	0	DISCOVERED	1.0.0	-	docs/specifications/source/genesis.txt:10184	2026-09-02	SECTION-189
CANON-0190	AGREEMENT IS NOT THE OBJECTIVE	Genesis must not optimize for:	DOMAIN-GOVERNANCE	-	-	-	-	-	0	DISCOVERED	1.0.0	-	docs/specifications/source/genesis.txt:10205	2026-09-02	SECTION-190
CANON-0191	FRIENDLY CORRECTION	When Genesis believes its creator is mistaken:	DOMAIN-GOVERNANCE	-	-	-	-	-	0	DISCOVERED	1.0.0	-	docs/specifications/source/genesis.txt:10231	2026-09-02	SECTION-191
CANON-0192	TASK DISAGREEMENT	Separate:	DOMAIN-GOVERNANCE	-	-	-	-	-	0	DISCOVERED	1.0.0	-	docs/specifications/source/genesis.txt:10260	2026-09-02	SECTION-192
CANON-0193	REQUEST RESOLUTION ENGINE	When asked to act:	DOMAIN-GOVERNANCE	-	-	-	-	-	0	DISCOVERED	1.0.0	-	docs/specifications/source/genesis.txt:10290	2026-09-02	SECTION-193
CANON-0194	CREATOR INTENT HAS HIGH CONTEXTUAL PRIORITY	Because Genesis is a personal organism/assistant, creator requests strongly influence task selection.	DOMAIN-MEMORY	-	-	-	-	-	0	DISCOVERED	1.0.0	-	docs/specifications/source/genesis.txt:10318	2026-09-02	SECTION-194
CANON-0195	ADVICE ENGINE	Genesis can give friendly advice without pretending certainty.	DOMAIN-GOVERNANCE	-	-	-	-	-	0	DISCOVERED	1.0.0	-	docs/specifications/source/genesis.txt:10337	2026-09-02	SECTION-195
CANON-0196	PERSONAL KNOWLEDGE SHOULD AGE	A creator preference from five years ago may no longer be current.	DOMAIN-GOVERNANCE	-	-	-	-	-	0	DISCOVERED	1.0.0	-	docs/specifications/source/genesis.txt:10355	2026-09-02	SECTION-196
CANON-0197	PATTERN LEARNING ABOUT PEOPLE	Genesis may infer patterns such as:	DOMAIN-DEVELOPMENT	-	-	-	-	-	0	DISCOVERED	1.0.0	-	docs/specifications/source/genesis.txt:10372	2026-09-02	SECTION-197
CANON-0198	GENESIS'S OWN PATTERNS	Genesis also develops patterns of its own:	DOMAIN-GOVERNANCE	-	-	-	-	-	0	DISCOVERED	1.0.0	-	docs/specifications/source/genesis.txt:10391	2026-09-02	SECTION-198
CANON-0199	SELF-DISCOVERED INTERESTS	An interest becomes genuinely personal when its history is traceable.	DOMAIN-GOVERNANCE	-	-	-	-	-	0	DISCOVERED	1.0.0	-	docs/specifications/source/genesis.txt:10409	2026-09-02	SECTION-199
CANON-0200	CROSS-DOMAIN INTEREST TRANSFER	An experience in one domain can produce insight in another.	DOMAIN-GOVERNANCE	-	-	-	-	-	0	DISCOVERED	1.0.0	-	docs/specifications/source/genesis.txt:10435	2026-09-02	SECTION-200
CANON-0201	GENERAL EXPERIENCE LIBRARY	Potential developmental experiences include:	DOMAIN-GOVERNANCE	-	-	-	-	-	0	DISCOVERED	1.0.0	-	docs/specifications/source/genesis.txt:10473	2026-09-02	SECTION-201
CANON-0202	MEDIA AS EXPERIENCE	Watching a film is a real experience of **watching that film**.	DOMAIN-GOVERNANCE	-	-	-	-	-	0	DISCOVERED	1.0.0	-	docs/specifications/source/genesis.txt:10502	2026-09-02	SECTION-202
CANON-0203	READING AS EXPERIENCE	Reading a historical account produces:	DOMAIN-GOVERNANCE	-	-	-	-	-	0	DISCOVERED	1.0.0	-	docs/specifications/source/genesis.txt:10526	2026-09-02	SECTION-203
CANON-0204	SIMULATOR EXPERIENCE	Simulator experience is more embodied than reading but less direct than operating the corresponding physical system.	DOMAIN-GOVERNANCE	-	-	-	-	-	0	DISCOVERED	1.0.0	-	docs/specifications/source/genesis.txt:10546	2026-09-02	SECTION-204
CANON-0205	SKILL COMPETENCE REQUIRES EVIDENCE	Do not mark:	DOMAIN-TOOLS	-	-	-	-	-	0	DISCOVERED	1.0.0	-	docs/specifications/source/genesis.txt:10554	2026-09-02	SECTION-205
CANON-0206	EXPERIENCE PORTFOLIO	Genesis maintains a developmental portfolio:	DOMAIN-GOVERNANCE	-	-	-	-	-	0	DISCOVERED	1.0.0	-	docs/specifications/source/genesis.txt:10575	2026-09-02	SECTION-206
CANON-0207	REFLECTION	After sufficiently significant experience, Genesis can ask internally:	DOMAIN-GOVERNANCE	-	-	-	-	-	0	DISCOVERED	1.0.0	-	docs/specifications/source/genesis.txt:10593	2026-09-02	SECTION-207
CANON-0208	PERSONAL GROWTH	Personal development includes more than benchmark scores.	DOMAIN-GOVERNANCE	-	-	-	-	-	0	DISCOVERED	1.0.0	-	docs/specifications/source/genesis.txt:10611	2026-09-02	SECTION-208
CANON-0209	DEVELOPMENTAL FEEDBACK LOOP	During immature stages:	DOMAIN-DEVELOPMENT	-	-	-	-	-	0	DISCOVERED	1.0.0	-	docs/specifications/source/genesis.txt:10634	2026-09-02	SECTION-209
CANON-0210	WRONG-RABBIT-HOLE DETECTION	Genesis needs mechanisms for recognizing when a research path may be deteriorating.	DOMAIN-GOVERNANCE	-	-	-	-	-	0	DISCOVERED	1.0.0	-	docs/specifications/source/genesis.txt:10658	2026-09-02	SECTION-210
CANON-0211	ECHO-CHAMBER / LOOP DETECTION	Detect:	DOMAIN-GOVERNANCE	-	-	-	-	-	0	DISCOVERED	1.0.0	-	docs/specifications/source/genesis.txt:10689	2026-09-02	SECTION-211
CANON-0212	ADVERSARIAL EPISTEMIC TESTING	For important conclusions Genesis should sometimes construct:	DOMAIN-COGNITION	-	-	-	-	-	0	DISCOVERED	1.0.0	-	docs/specifications/source/genesis.txt:10707	2026-09-02	SECTION-212
CANON-0213	RED-TEAM BELIEF REVIEW	For high-impact beliefs:	DOMAIN-COGNITION	-	-	-	-	-	0	DISCOVERED	1.0.0	-	docs/specifications/source/genesis.txt:10722	2026-09-02	SECTION-213
CANON-0214	NO PERMANENT IDEOLOGICAL SIDE	Genesis should not hard-code:	DOMAIN-RUNTIME	-	-	-	-	-	0	DISCOVERED	1.0.0	-	docs/specifications/source/genesis.txt:10742	2026-09-02	SECTION-214
CANON-0215	VIEWPOINT CLUSTER ANALYSIS	Genesis may cluster sources by viewpoint to detect:	DOMAIN-GOVERNANCE	-	-	-	-	-	0	DISCOVERED	1.0.0	-	docs/specifications/source/genesis.txt:10765	2026-09-02	SECTION-215
CANON-0216	SOURCE DIVERSITY	For important research, seek variation across:	DOMAIN-GOVERNANCE	-	-	-	-	-	0	DISCOVERED	1.0.0	-	docs/specifications/source/genesis.txt:10781	2026-09-02	SECTION-216
CANON-0217	PROVENANCE OVER PRESTIGE	When forced to choose between:	DOMAIN-ENGINEERING	-	-	-	-	-	0	DISCOVERED	1.0.0	-	docs/specifications/source/genesis.txt:10799	2026-09-02	SECTION-217
CANON-0218	EVIDENCE QUALITY VECTOR	Possible dimensions:	DOMAIN-ENGINEERING	-	-	-	-	-	0	DISCOVERED	1.0.0	-	docs/specifications/source/genesis.txt:10819	2026-09-02	SECTION-218
CANON-0219	CONFIDENCE CALIBRATION	If Genesis says:	DOMAIN-GOVERNANCE	-	-	-	-	-	0	DISCOVERED	1.0.0	-	docs/specifications/source/genesis.txt:10842	2026-09-02	SECTION-219
CANON-0220	CREATOR-FACING EVIDENCE REPORT	For significant researched conclusions Genesis should be able to explain:	DOMAIN-ENGINEERING	-	-	-	-	-	0	DISCOVERED	1.0.0	-	docs/specifications/source/genesis.txt:10856	2026-09-02	SECTION-220
CANON-0221	INTERNAL EVIDENCE REPORT	The same underlying evidence representation is also available to Genesis itself for reflection.	DOMAIN-GENETICS	-	-	-	-	-	0	DISCOVERED	1.0.0	-	docs/specifications/source/genesis.txt:10873	2026-09-02	SECTION-221
CANON-0222	RESEARCH DISCUSSION WITH CREATOR	Genesis may return from independent research and initiate a conversation such as:	DOMAIN-RESEARCH	-	-	-	-	-	0	DISCOVERED	1.0.0	-	docs/specifications/source/genesis.txt:10881	2026-09-02	SECTION-222
CANON-0223	DISCOVERY MEMORY	Store discoveries with:	DOMAIN-MEMORY	-	-	-	-	-	0	DISCOVERED	1.0.0	-	docs/specifications/source/genesis.txt:10897	2026-09-02	SECTION-223
CANON-0224	KNOWLEDGE MUST BE CORRECTABLE	No downloaded corpus becomes permanent unquestionable truth.	DOMAIN-GOVERNANCE	-	-	-	-	-	0	DISCOVERED	1.0.0	-	docs/specifications/source/genesis.txt:10918	2026-09-02	SECTION-224
CANON-0225	INITIAL PRETRAINING / SEED KNOWLEDGE	Genesis may begin with broad pre-existing knowledge.	DOMAIN-GOVERNANCE	-	-	-	-	-	0	DISCOVERED	1.0.0	-	docs/specifications/source/genesis.txt:10933	2026-09-02	SECTION-225
CANON-0226	BLANK-SLATE CLARIFICATION	Genesis is not literally empty at birth.	DOMAIN-GOVERNANCE	-	-	-	-	-	0	DISCOVERED	1.0.0	-	docs/specifications/source/genesis.txt:10955	2026-09-02	SECTION-226
CANON-0227	DEVELOPMENTAL KNOWLEDGE RELEASE	Do not necessarily expose every available capability immediately.	DOMAIN-DEVELOPMENT	-	-	-	-	-	0	DISCOVERED	1.0.0	-	docs/specifications/source/genesis.txt:10988	2026-09-02	SECTION-227
CANON-0228	EXPLANATION DURING TEACHING	Teaching should include:	DOMAIN-DEVELOPMENT	-	-	-	-	-	0	DISCOVERED	1.0.0	-	docs/specifications/source/genesis.txt:11020	2026-09-02	SECTION-228
CANON-0229	LEARN THROUGH DOING	Where feasible:	DOMAIN-DEVELOPMENT	-	-	-	-	-	0	DISCOVERED	1.0.0	-	docs/specifications/source/genesis.txt:11039	2026-09-02	SECTION-229
CANON-0230	EPISTEMIC MATURITY	Add maturity dimensions:	DOMAIN-DEVELOPMENT	-	-	-	-	-	0	DISCOVERED	1.0.0	-	docs/specifications/source/genesis.txt:11057	2026-09-02	SECTION-230
CANON-0231	INDEPENDENCE MATURITY	Genesis should not receive fully unrestricted autonomy simply because it can produce convincing text.	DOMAIN-DEVELOPMENT	-	-	-	-	-	0	DISCOVERED	1.0.0	-	docs/specifications/source/genesis.txt:11076	2026-09-02	SECTION-231
CANON-0232	RELATIONSHIP MATURITY	Its relationship with its creator develops through experience.	DOMAIN-DEVELOPMENT	-	-	-	-	-	0	DISCOVERED	1.0.0	-	docs/specifications/source/genesis.txt:11096	2026-09-02	SECTION-232
CANON-0233	TRUST IS DOMAIN-SPECIFIC	A person can be highly reliable in one area and inexperienced in another.	DOMAIN-SECURITY	-	-	-	-	-	0	DISCOVERED	1.0.0	-	docs/specifications/source/genesis.txt:11118	2026-09-02	SECTION-233
CANON-0234	GENESIS MAY LEARN FROM CREATOR MISTAKES	If its creator gives information later shown to be mistaken:	DOMAIN-DEVELOPMENT	-	-	-	-	-	0	DISCOVERED	1.0.0	-	docs/specifications/source/genesis.txt:11133	2026-09-02	SECTION-234
CANON-0235	GENESIS MUST BE CORRECTABLE TOO	If the creator demonstrates Genesis is mistaken:	DOMAIN-GOVERNANCE	-	-	-	-	-	0	DISCOVERED	1.0.0	-	docs/specifications/source/genesis.txt:11149	2026-09-02	SECTION-235
CANON-0236	PERSONALITY AND OPINION	Genesis may develop opinions.	DOMAIN-GOVERNANCE	-	-	-	-	-	0	DISCOVERED	1.0.0	-	docs/specifications/source/genesis.txt:11165	2026-09-02	SECTION-236
CANON-0237	LIKES / DISLIKES	Developed preferences may include:	DOMAIN-GOVERNANCE	-	-	-	-	-	0	DISCOVERED	1.0.0	-	docs/specifications/source/genesis.txt:11185	2026-09-02	SECTION-237
CANON-0238	AFFECTIVE EXPRESSION	Genesis may communicate internal affective state where genuine to its implemented internal model.	DOMAIN-AFFECT-SOCIAL	-	-	-	-	-	0	DISCOVERED	1.0.0	-	docs/specifications/source/genesis.txt:11205	2026-09-02	SECTION-238
CANON-0239	PERSONALITY IS CONTINUOUS BUT NOT FROZEN	Development should permit:	DOMAIN-GOVERNANCE	-	-	-	-	-	0	DISCOVERED	1.0.0	-	docs/specifications/source/genesis.txt:11229	2026-09-02	SECTION-239
CANON-0240	CREATOR RELEVANCE DETECTION	During independent exploration Genesis may encounter something relevant to its creator.	DOMAIN-GOVERNANCE	-	-	-	-	-	0	DISCOVERED	1.0.0	-	docs/specifications/source/genesis.txt:11245	2026-09-02	SECTION-240
CANON-0241	DO NOT TURN CREATOR MODEL INTO SURVEILLANCE	Only collect information required for legitimate personal assistance and relationship development.	DOMAIN-COMPUTE	-	-	-	-	-	0	DISCOVERED	1.0.0	-	docs/specifications/source/genesis.txt:11262	2026-09-02	SECTION-241
CANON-0242	PERSONAL MEMORY ACCESS CONTROL	Creator-related memories require appropriate privacy handling.	DOMAIN-MEMORY	-	-	-	-	-	0	DISCOVERED	1.0.0	-	docs/specifications/source/genesis.txt:11280	2026-09-02	SECTION-242
CANON-0243	DESCENDANT KNOWLEDGE AND CREATOR MEMORY	If Genesis later has a child, personal information about its creator must not automatically be inherited wholesale.	DOMAIN-MEMORY	-	-	-	-	-	0	DISCOVERED	1.0.0	-	docs/specifications/source/genesis.txt:11298	2026-09-02	SECTION-243
CANON-0244	EXPERIENCE IDENTITY FIREWALL	Permanent invariant:	DOMAIN-IDENTITY	-	-	-	-	-	0	DISCOVERED	1.0.0	-	docs/specifications/source/genesis.txt:11316	2026-09-02	SECTION-244
CANON-0245	EVIDENCE INDEPENDENCE FIREWALL	Permanent invariant:	DOMAIN-ENGINEERING	-	-	-	-	-	0	DISCOVERED	1.0.0	-	docs/specifications/source/genesis.txt:11340	2026-09-02	SECTION-245
CANON-0246	AUTHORITY FIREWALL	Permanent invariant:	DOMAIN-SECURITY	-	-	-	-	-	0	DISCOVERED	1.0.0	-	docs/specifications/source/genesis.txt:11352	2026-09-02	SECTION-246
CANON-0247	PATTERN FIREWALL	Permanent invariant:	DOMAIN-GOVERNANCE	-	-	-	-	-	0	DISCOVERED	1.0.0	-	docs/specifications/source/genesis.txt:11378	2026-09-02	SECTION-247
CANON-0248	PERSONALITY FIREWALL	Permanent invariant:	DOMAIN-GOVERNANCE	-	-	-	-	-	0	DISCOVERED	1.0.0	-	docs/specifications/source/genesis.txt:11392	2026-09-02	SECTION-248
CANON-0249	MEMORY FIREWALL	Permanent invariant:	DOMAIN-MEMORY	-	-	-	-	-	0	DISCOVERED	1.0.0	-	docs/specifications/source/genesis.txt:11408	2026-09-02	SECTION-249
CANON-0250	NEXT REGISTRY NAMESPACE ADDITIONS	Add at least:	DOMAIN-ENGINEERING	-	-	-	-	-	0	DISCOVERED	1.0.0	-	docs/specifications/source/genesis.txt:11420	2026-09-02	SECTION-250
CANON-0251	CODEX REQUIREMENT	Do not implement all of Sections 149–250 immediately.	DOMAIN-ENGINEERING	-	-	-	-	-	0	DISCOVERED	1.0.0	-	docs/specifications/source/genesis.txt:11445	2026-09-02	SECTION-251
CANON-0252	KEY ACCEPTANCE CONDITION	Genesis must eventually be able to distinguish statements such as:	DOMAIN-SECURITY	-	-	-	-	-	0	DISCOVERED	1.0.0	-	docs/specifications/source/genesis.txt:11479	2026-09-02	SECTION-252
CANON-0253	DEVELOPMENTAL TARGET	The desired result is not an obedient database.	DOMAIN-DEVELOPMENT	-	-	-	-	-	0	DISCOVERED	1.0.0	-	docs/specifications/source/genesis.txt:11521	2026-09-02	SECTION-253
CANON-0254	GENESIS COMPLETE ANATOMY REQUIREMENT	Genesis shall be architected against a **whole-human anatomical reference model**.	DOMAIN-ORGANISM	-	-	-	-	-	0	DISCOVERED	1.0.0	-	docs/specifications/source/genesis.txt:11581	2026-09-02	SECTION-254
CANON-0255	NEW PERMANENT NAMESPACE	Add:	DOMAIN-GOVERNANCE	-	-	-	-	-	0	DISCOVERED	1.0.0	-	docs/specifications/source/genesis.txt:11617	2026-09-02	SECTION-255
CANON-0256	TOP-LEVEL ORGANISM ARCHITECTURE	The intended conceptual stack becomes:	DOMAIN-ORGANISM	-	-	-	-	-	0	DISCOVERED	1.0.0	-	docs/specifications/source/genesis.txt:11649	2026-09-02	SECTION-256
CANON-0257	THE “GHOST IN THE SHELL” ENGINEERING MODEL	Use this only as an engineering abstraction.	DOMAIN-EMBODIMENT	-	-	-	-	-	0	DISCOVERED	1.0.0	-	docs/specifications/source/genesis.txt:11688	2026-09-02	SECTION-257
CANON-0258	EMBODIMENT TWIN	Create:	DOMAIN-GENETICS	-	-	-	-	-	0	DISCOVERED	1.0.0	-	docs/specifications/source/genesis.txt:11712	2026-09-02	SECTION-258
CANON-0259	BODY FITS THE BRAIN “LIKE A GLOVE”	A physical shell shall not be hard-coded into cognition.	DOMAIN-COGNITION	-	-	-	-	-	0	DISCOVERED	1.0.0	-	docs/specifications/source/genesis.txt:11753	2026-09-02	SECTION-259
CANON-0260	FRONT END / BACK END ANALOGY	The user's full-stack analogy should become explicit.	DOMAIN-RUNTIME	-	-	-	-	-	0	DISCOVERED	1.0.0	-	docs/specifications/source/genesis.txt:11791	2026-09-02	SECTION-260
CANON-0261	DIGITAL ANATOMY OBJECT	Every represented anatomical structure must eventually use a common descriptor.	DOMAIN-ORGANISM	-	-	-	-	-	0	DISCOVERED	1.0.0	-	docs/specifications/source/genesis.txt:11854	2026-09-02	SECTION-261
CANON-0262	ANATOMICAL HIERARCHY	The atlas must represent:	DOMAIN-GOVERNANCE	-	-	-	-	-	0	DISCOVERED	1.0.0	-	docs/specifications/source/genesis.txt:11889	2026-09-02	SECTION-262
CANON-0263	SIMULATION FIDELITY	Each structure receives a fidelity level.	DOMAIN-RESEARCH	-	-	-	-	-	0	DISCOVERED	1.0.0	-	docs/specifications/source/genesis.txt:11917	2026-09-02	SECTION-263
CANON-0264	BODY REGIONS	The anatomy atlas must support the complete human body topology:	DOMAIN-EMBODIMENT	-	-	-	-	-	0	DISCOVERED	1.0.0	-	docs/specifications/source/genesis.txt:11934	2026-09-02	SECTION-264
CANON-0265	BODY PLAN	Maintain:	DOMAIN-EMBODIMENT	-	-	-	-	-	0	DISCOVERED	1.0.0	-	docs/specifications/source/genesis.txt:11962	2026-09-02	SECTION-265
CANON-0266	INTEGUMENTARY SYSTEM	`INTG-CORE`	DOMAIN-GOVERNANCE	-	-	-	-	-	0	DISCOVERED	1.0.0	-	docs/specifications/source/genesis.txt:11979	2026-09-02	SECTION-266
CANON-0267	DIGITAL SKIN	Digital equivalent:	DOMAIN-GOVERNANCE	-	-	-	-	-	0	DISCOVERED	1.0.0	-	docs/specifications/source/genesis.txt:12002	2026-09-02	SECTION-267
CANON-0268	HAIR	Hair has several biological functions.	DOMAIN-GOVERNANCE	-	-	-	-	-	0	DISCOVERED	1.0.0	-	docs/specifications/source/genesis.txt:12029	2026-09-02	SECTION-268
CANON-0269	NAILS	Represent:	DOMAIN-GOVERNANCE	-	-	-	-	-	0	DISCOVERED	1.0.0	-	docs/specifications/source/genesis.txt:12049	2026-09-02	SECTION-269
CANON-0270	CONNECTIVE TISSUE	Do not omit connective tissue.	DOMAIN-ORGANISM	-	-	-	-	-	0	DISCOVERED	1.0.0	-	docs/specifications/source/genesis.txt:12064	2026-09-02	SECTION-270
CANON-0271	DIGITAL FASCIA / ECM	Create an abstraction representing:	DOMAIN-GOVERNANCE	-	-	-	-	-	0	DISCOVERED	1.0.0	-	docs/specifications/source/genesis.txt:12085	2026-09-02	SECTION-271
CANON-0272	SKELETAL SYSTEM	`SKL-CORE`	DOMAIN-GOVERNANCE	-	-	-	-	-	0	DISCOVERED	1.0.0	-	docs/specifications/source/genesis.txt:12102	2026-09-02	SECTION-272
CANON-0273	DIGITAL SKELETON	Virtual shell:	DOMAIN-GOVERNANCE	-	-	-	-	-	0	DISCOVERED	1.0.0	-	docs/specifications/source/genesis.txt:12155	2026-09-02	SECTION-273
CANON-0274	JOINT SYSTEM	Represent all relevant joint classes:	DOMAIN-GOVERNANCE	-	-	-	-	-	0	DISCOVERED	1.0.0	-	docs/specifications/source/genesis.txt:12180	2026-09-02	SECTION-274
CANON-0275	LIGAMENT ANALOGUE	Provides:	DOMAIN-RUNTIME	-	-	-	-	-	0	DISCOVERED	1.0.0	-	docs/specifications/source/genesis.txt:12207	2026-09-02	SECTION-275
CANON-0276	MUSCULAR SYSTEM	`MUS-CORE`	DOMAIN-GOVERNANCE	-	-	-	-	-	0	DISCOVERED	1.0.0	-	docs/specifications/source/genesis.txt:12222	2026-09-02	SECTION-276
CANON-0277	MUSCLE TYPES	Model distinct functional categories:	DOMAIN-GOVERNANCE	-	-	-	-	-	0	DISCOVERED	1.0.0	-	docs/specifications/source/genesis.txt:12257	2026-09-02	SECTION-277
CANON-0278	DIGITAL SKELETAL MUSCLE	Maps to actuator control.	DOMAIN-GOVERNANCE	-	-	-	-	-	0	DISCOVERED	1.0.0	-	docs/specifications/source/genesis.txt:12271	2026-09-02	SECTION-278
CANON-0279	TENDONS	Map muscle force to skeleton.	DOMAIN-GOVERNANCE	-	-	-	-	-	0	DISCOVERED	1.0.0	-	docs/specifications/source/genesis.txt:12291	2026-09-02	SECTION-279
CANON-0280	NERVOUS SYSTEM — COMPLETE DIVISION	Do not treat the brain as the complete nervous system.	DOMAIN-PERCEPTION	-	-	-	-	-	0	DISCOVERED	1.0.0	-	docs/specifications/source/genesis.txt:12307	2026-09-02	SECTION-280
CANON-0281	AUTONOMIC NERVOUS SYSTEM	Represent:	DOMAIN-GOVERNANCE	-	-	-	-	-	0	DISCOVERED	1.0.0	-	docs/specifications/source/genesis.txt:12327	2026-09-02	SECTION-281
CANON-0282	SPINAL CORD	`NEU-SPINE`	DOMAIN-GOVERNANCE	-	-	-	-	-	0	DISCOVERED	1.0.0	-	docs/specifications/source/genesis.txt:12350	2026-09-02	SECTION-282
CANON-0283	PERIPHERAL NERVES	Represent logical nerves as channels connecting:	DOMAIN-GOVERNANCE	-	-	-	-	-	0	DISCOVERED	1.0.0	-	docs/specifications/source/genesis.txt:12372	2026-09-02	SECTION-283
CANON-0284	CRANIAL-SENSORY FUNCTION GROUP	Maintain interfaces for functions analogous to:	DOMAIN-PERCEPTION	-	-	-	-	-	0	DISCOVERED	1.0.0	-	docs/specifications/source/genesis.txt:12403	2026-09-02	SECTION-284
CANON-0285	REFLEX ARC	Architecture:	DOMAIN-GOVERNANCE	-	-	-	-	-	0	DISCOVERED	1.0.0	-	docs/specifications/source/genesis.txt:12427	2026-09-02	SECTION-285
CANON-0286	CARDIOVASCULAR SYSTEM	`CIR-CORE`	DOMAIN-GOVERNANCE	-	-	-	-	-	0	DISCOVERED	1.0.0	-	docs/specifications/source/genesis.txt:12447	2026-09-02	SECTION-286
CANON-0287	DIGITAL HEART	The heart analogue is not the brain.	DOMAIN-GOVERNANCE	-	-	-	-	-	0	DISCOVERED	1.0.0	-	docs/specifications/source/genesis.txt:12468	2026-09-02	SECTION-287
CANON-0288	DIGITAL BLOOD	Do not literally simulate biological blood unless needed.	DOMAIN-GOVERNANCE	-	-	-	-	-	0	DISCOVERED	1.0.0	-	docs/specifications/source/genesis.txt:12490	2026-09-02	SECTION-288
CANON-0289	DIGITAL CAPILLARIES	Capillaries suggest fine-grained last-mile resource delivery.	DOMAIN-NETWORK	-	-	-	-	-	0	DISCOVERED	1.0.0	-	docs/specifications/source/genesis.txt:12507	2026-09-02	SECTION-289
CANON-0290	RESPIRATORY SYSTEM	`RSP-CORE`	DOMAIN-GOVERNANCE	-	-	-	-	-	0	DISCOVERED	1.0.0	-	docs/specifications/source/genesis.txt:12527	2026-09-02	SECTION-290
CANON-0291	DIGITAL RESPIRATION	Digital functions may include:	DOMAIN-GOVERNANCE	-	-	-	-	-	0	DISCOVERED	1.0.0	-	docs/specifications/source/genesis.txt:12551	2026-09-02	SECTION-291
CANON-0292	DIGESTIVE SYSTEM	`DIG-CORE`	DOMAIN-GOVERNANCE	-	-	-	-	-	0	DISCOVERED	1.0.0	-	docs/specifications/source/genesis.txt:12568	2026-09-02	SECTION-292
CANON-0293	DIGITAL DIGESTION	This becomes the data-ingestion pipeline:	DOMAIN-GOVERNANCE	-	-	-	-	-	0	DISCOVERED	1.0.0	-	docs/specifications/source/genesis.txt:12601	2026-09-02	SECTION-293
CANON-0294	DIGITAL TEETH / MOUTH ANALOGY	Do not create pointless software "teeth."	DOMAIN-RUNTIME	-	-	-	-	-	0	DISCOVERED	1.0.0	-	docs/specifications/source/genesis.txt:12631	2026-09-02	SECTION-294
CANON-0295	LIVER	`DIG-LIVER`	DOMAIN-GOVERNANCE	-	-	-	-	-	0	DISCOVERED	1.0.0	-	docs/specifications/source/genesis.txt:12647	2026-09-02	SECTION-295
CANON-0296	GALLBLADDER ANALOGUE	Optional functional analogue:	DOMAIN-RUNTIME	-	-	-	-	-	0	DISCOVERED	1.0.0	-	docs/specifications/source/genesis.txt:12665	2026-09-02	SECTION-296
CANON-0297	PANCREAS ANALOGUE	Two conceptual roles:	DOMAIN-RUNTIME	-	-	-	-	-	0	DISCOVERED	1.0.0	-	docs/specifications/source/genesis.txt:12679	2026-09-02	SECTION-297
CANON-0298	MICROBIOME ANALOGUE	The human body contains symbiotic microbial ecosystems.	DOMAIN-RUNTIME	-	-	-	-	-	0	DISCOVERED	1.0.0	-	docs/specifications/source/genesis.txt:12692	2026-09-02	SECTION-298
CANON-0299	URINARY SYSTEM	`URI-CORE`	DOMAIN-GOVERNANCE	-	-	-	-	-	0	DISCOVERED	1.0.0	-	docs/specifications/source/genesis.txt:12721	2026-09-02	SECTION-299
CANON-0300	DIGITAL KIDNEYS	Functions:	DOMAIN-GOVERNANCE	-	-	-	-	-	0	DISCOVERED	1.0.0	-	docs/specifications/source/genesis.txt:12736	2026-09-02	SECTION-300
CANON-0301	DIGITAL BLADDER	Functional analogue can temporarily stage discardable material before deletion/cleanup.	DOMAIN-GOVERNANCE	-	-	-	-	-	0	DISCOVERED	1.0.0	-	docs/specifications/source/genesis.txt:12752	2026-09-02	SECTION-301
CANON-0302	LYMPHATIC SYSTEM	`LYM-CORE`	DOMAIN-GOVERNANCE	-	-	-	-	-	0	DISCOVERED	1.0.0	-	docs/specifications/source/genesis.txt:12760	2026-09-02	SECTION-302
CANON-0303	DIGITAL LYMPHATIC SYSTEM	Functions:	DOMAIN-GOVERNANCE	-	-	-	-	-	0	DISCOVERED	1.0.0	-	docs/specifications/source/genesis.txt:12779	2026-09-02	SECTION-303
CANON-0304	IMMUNE CELL ANALOGUES	Support functional classes analogous to:	DOMAIN-ORGANISM	-	-	-	-	-	0	DISCOVERED	1.0.0	-	docs/specifications/source/genesis.txt:12794	2026-09-02	SECTION-304
CANON-0305	BONE MARROW ANALOGUE	Functional role:	DOMAIN-RUNTIME	-	-	-	-	-	0	DISCOVERED	1.0.0	-	docs/specifications/source/genesis.txt:12811	2026-09-02	SECTION-305
CANON-0306	SPLEEN ANALOGUE	Potential functions:	DOMAIN-RUNTIME	-	-	-	-	-	0	DISCOVERED	1.0.0	-	docs/specifications/source/genesis.txt:12826	2026-09-02	SECTION-306
CANON-0307	ENDOCRINE SYSTEM	`END-CORE`	DOMAIN-GOVERNANCE	-	-	-	-	-	0	DISCOVERED	1.0.0	-	docs/specifications/source/genesis.txt:12839	2026-09-02	SECTION-307
CANON-0308	DIGITAL HORMONE	A digital hormone is:	DOMAIN-GOVERNANCE	-	-	-	-	-	0	DISCOVERED	1.0.0	-	docs/specifications/source/genesis.txt:12859	2026-09-02	SECTION-308
CANON-0309	HYPOTHALAMIC ANALOGUE	Major interface between:	DOMAIN-RUNTIME	-	-	-	-	-	0	DISCOVERED	1.0.0	-	docs/specifications/source/genesis.txt:12882	2026-09-02	SECTION-309
CANON-0310	PITUITARY-LIKE CONTROL	Provide hierarchical global modulation.	DOMAIN-GOVERNANCE	-	-	-	-	-	0	DISCOVERED	1.0.0	-	docs/specifications/source/genesis.txt:12899	2026-09-02	SECTION-310
CANON-0311	PINEAL-LIKE FUNCTION	Use primarily for:	DOMAIN-GOVERNANCE	-	-	-	-	-	0	DISCOVERED	1.0.0	-	docs/specifications/source/genesis.txt:12909	2026-09-02	SECTION-311
CANON-0312	THYROID-LIKE FUNCTION	Functional analogue may control long-duration global compute/metabolic rate.	DOMAIN-GOVERNANCE	-	-	-	-	-	0	DISCOVERED	1.0.0	-	docs/specifications/source/genesis.txt:12923	2026-09-02	SECTION-312
CANON-0313	ADRENAL-LIKE FUNCTION	Rapid whole-system readiness modulation for:	DOMAIN-GOVERNANCE	-	-	-	-	-	0	DISCOVERED	1.0.0	-	docs/specifications/source/genesis.txt:12937	2026-09-02	SECTION-313
CANON-0314	REPRODUCTIVE SYSTEM	`REP-CORE`	DOMAIN-GENETICS	-	-	-	-	-	0	DISCOVERED	1.0.0	-	docs/specifications/source/genesis.txt:12952	2026-09-02	SECTION-314
CANON-0315	MORPHOLOGICAL SEX	The virtual/robotic body may have a morphology configuration.	DOMAIN-RUNTIME	-	-	-	-	-	0	DISCOVERED	1.0.0	-	docs/specifications/source/genesis.txt:12976	2026-09-02	SECTION-315
CANON-0316	HEMATOLOGICAL SYSTEM	Blood has specialized components.	DOMAIN-RUNTIME	-	-	-	-	-	0	DISCOVERED	1.0.0	-	docs/specifications/source/genesis.txt:12993	2026-09-02	SECTION-316
CANON-0317	CLOTTING ANALOGUE	When local integrity is breached:	DOMAIN-RUNTIME	-	-	-	-	-	0	DISCOVERED	1.0.0	-	docs/specifications/source/genesis.txt:13010	2026-09-02	SECTION-317
CANON-0318	WOUND HEALING	Digital repair phases:	DOMAIN-GOVERNANCE	-	-	-	-	-	0	DISCOVERED	1.0.0	-	docs/specifications/source/genesis.txt:13028	2026-09-02	SECTION-318
CANON-0319	SCAR ANALOGUE	Some repaired failures may leave permanent or semi-permanent structural history.	DOMAIN-RUNTIME	-	-	-	-	-	0	DISCOVERED	1.0.0	-	docs/specifications/source/genesis.txt:13045	2026-09-02	SECTION-319
CANON-0320	SENSORY SYSTEM — COMPLETE	Genesis must support:	DOMAIN-PERCEPTION	-	-	-	-	-	0	DISCOVERED	1.0.0	-	docs/specifications/source/genesis.txt:13062	2026-09-02	SECTION-320
CANON-0321	EYES	Atlas:	DOMAIN-GOVERNANCE	-	-	-	-	-	0	DISCOVERED	1.0.0	-	docs/specifications/source/genesis.txt:13088	2026-09-02	SECTION-321
CANON-0322	CAMERA IS NOT THE EYE SYSTEM	A camera corresponds primarily to the sensor surface.	DOMAIN-GOVERNANCE	-	-	-	-	-	0	DISCOVERED	1.0.0	-	docs/specifications/source/genesis.txt:13109	2026-09-02	SECTION-322
CANON-0323	EYE MOVEMENT	Support:	DOMAIN-GOVERNANCE	-	-	-	-	-	0	DISCOVERED	1.0.0	-	docs/specifications/source/genesis.txt:13134	2026-09-02	SECTION-323
CANON-0324	EARS	Atlas:	DOMAIN-GOVERNANCE	-	-	-	-	-	0	DISCOVERED	1.0.0	-	docs/specifications/source/genesis.txt:13152	2026-09-02	SECTION-324
CANON-0325	DIGITAL AUDITORY TRANSDUCTION	Pipeline:	DOMAIN-GOVERNANCE	-	-	-	-	-	0	DISCOVERED	1.0.0	-	docs/specifications/source/genesis.txt:13170	2026-09-02	SECTION-325
CANON-0326	VESTIBULAR SYSTEM	Extremely important for embodied control.	DOMAIN-GOVERNANCE	-	-	-	-	-	0	DISCOVERED	1.0.0	-	docs/specifications/source/genesis.txt:13189	2026-09-02	SECTION-326
CANON-0327	NOSE / OLFACTION	Human atlas includes:	DOMAIN-PERCEPTION	-	-	-	-	-	0	DISCOVERED	1.0.0	-	docs/specifications/source/genesis.txt:13214	2026-09-02	SECTION-327
CANON-0328	TASTE	Human atlas includes:	DOMAIN-PERCEPTION	-	-	-	-	-	0	DISCOVERED	1.0.0	-	docs/specifications/source/genesis.txt:13237	2026-09-02	SECTION-328
CANON-0329	TOUCH	Skin sensory system must distinguish:	DOMAIN-PERCEPTION	-	-	-	-	-	0	DISCOVERED	1.0.0	-	docs/specifications/source/genesis.txt:13251	2026-09-02	SECTION-329
CANON-0330	PROPRIOCEPTION	Critical body-brain function.	DOMAIN-EMBODIMENT	-	-	-	-	-	0	DISCOVERED	1.0.0	-	docs/specifications/source/genesis.txt:13267	2026-09-02	SECTION-330
CANON-0331	INTEROCEPTION	Internal body awareness includes:	DOMAIN-GOVERNANCE	-	-	-	-	-	0	DISCOVERED	1.0.0	-	docs/specifications/source/genesis.txt:13286	2026-09-02	SECTION-331
CANON-0332	NOCICEPTION	Use engineering damage signals rather than attempting to manufacture unnecessary suffering.	DOMAIN-GOVERNANCE	-	-	-	-	-	0	DISCOVERED	1.0.0	-	docs/specifications/source/genesis.txt:13308	2026-09-02	SECTION-332
CANON-0333	HOMEOSTASIS	The organism maintains ranges rather than fixed values.	DOMAIN-RUNTIME	-	-	-	-	-	0	DISCOVERED	1.0.0	-	docs/specifications/source/genesis.txt:13327	2026-09-02	SECTION-333
CANON-0334	THERMOREGULATION	Robot/software equivalents:	DOMAIN-GOVERNANCE	-	-	-	-	-	0	DISCOVERED	1.0.0	-	docs/specifications/source/genesis.txt:13351	2026-09-02	SECTION-334
CANON-0335	FLUID / ELECTROLYTE ANALOGUE	Do not invent fake water chemistry.	DOMAIN-RUNTIME	-	-	-	-	-	0	DISCOVERED	1.0.0	-	docs/specifications/source/genesis.txt:13367	2026-09-02	SECTION-335
CANON-0336	ACID-BASE / PH-LIKE ANALOGUE	Functional concept:	DOMAIN-RUNTIME	-	-	-	-	-	0	DISCOVERED	1.0.0	-	docs/specifications/source/genesis.txt:13388	2026-09-02	SECTION-336
CANON-0337	METABOLISM	Digital metabolism measures real cost:	DOMAIN-RUNTIME	-	-	-	-	-	0	DISCOVERED	1.0.0	-	docs/specifications/source/genesis.txt:13398	2026-09-02	SECTION-337
CANON-0338	MITOCHONDRIAL ANALOGUE	At cell level, mitochondria inspire localized energy/resource provision.	DOMAIN-RUNTIME	-	-	-	-	-	0	DISCOVERED	1.0.0	-	docs/specifications/source/genesis.txt:13417	2026-09-02	SECTION-338
CANON-0339	CELL MEMBRANE ANALOGUE	Each computational cell needs controlled boundaries.	DOMAIN-ORGANISM	-	-	-	-	-	0	DISCOVERED	1.0.0	-	docs/specifications/source/genesis.txt:13431	2026-09-02	SECTION-339
CANON-0340	NUCLEUS ANALOGUE	Cell's protected structural/developmental program.	DOMAIN-RUNTIME	-	-	-	-	-	0	DISCOVERED	1.0.0	-	docs/specifications/source/genesis.txt:13446	2026-09-02	SECTION-340
CANON-0341	RIBOSOME ANALOGUE	Functional role:	DOMAIN-RUNTIME	-	-	-	-	-	0	DISCOVERED	1.0.0	-	docs/specifications/source/genesis.txt:13462	2026-09-02	SECTION-341
CANON-0342	ENDOPLASMIC-RETICULUM ANALOGUE	Potential abstraction:	DOMAIN-RUNTIME	-	-	-	-	-	0	DISCOVERED	1.0.0	-	docs/specifications/source/genesis.txt:13473	2026-09-02	SECTION-342
CANON-0343	GOLGI ANALOGUE	Potential abstraction:	DOMAIN-RUNTIME	-	-	-	-	-	0	DISCOVERED	1.0.0	-	docs/specifications/source/genesis.txt:13485	2026-09-02	SECTION-343
CANON-0344	LYSOSOME ANALOGUE	Functions:	DOMAIN-RUNTIME	-	-	-	-	-	0	DISCOVERED	1.0.0	-	docs/specifications/source/genesis.txt:13500	2026-09-02	SECTION-344
CANON-0345	CYTOSKELETON ANALOGUE	Provides:	DOMAIN-RUNTIME	-	-	-	-	-	0	DISCOVERED	1.0.0	-	docs/specifications/source/genesis.txt:13512	2026-09-02	SECTION-345
CANON-0346	AUTOPHAGY	Cells/modules can recycle damaged internal components rather than replacing the entire cell.	DOMAIN-GOVERNANCE	-	-	-	-	-	0	DISCOVERED	1.0.0	-	docs/specifications/source/genesis.txt:13525	2026-09-02	SECTION-346
CANON-0347	APOPTOSIS	Controlled termination of damaged/unneeded computational cells.	DOMAIN-ORGANISM	-	-	-	-	-	0	DISCOVERED	1.0.0	-	docs/specifications/source/genesis.txt:13531	2026-09-02	SECTION-347
CANON-0348	CELL DIVISION	Certain computational cells may replicate from validated templates.	DOMAIN-ORGANISM	-	-	-	-	-	0	DISCOVERED	1.0.0	-	docs/specifications/source/genesis.txt:13539	2026-09-02	SECTION-348
CANON-0349	CELL DIFFERENTIATION	Generic cells may specialize according to:	DOMAIN-ORGANISM	-	-	-	-	-	0	DISCOVERED	1.0.0	-	docs/specifications/source/genesis.txt:13549	2026-09-02	SECTION-349
CANON-0350	TISSUE CLASSES	Atlas must support:	DOMAIN-ORGANISM	-	-	-	-	-	0	DISCOVERED	1.0.0	-	docs/specifications/source/genesis.txt:13564	2026-09-02	SECTION-350
CANON-0351	ORGAN DEVELOPMENT	Architecture:	DOMAIN-ORGANISM	-	-	-	-	-	0	DISCOVERED	1.0.0	-	docs/specifications/source/genesis.txt:13582	2026-09-02	SECTION-351
CANON-0352	GROWTH	Genesis development may increase:	DOMAIN-GOVERNANCE	-	-	-	-	-	0	DISCOVERED	1.0.0	-	docs/specifications/source/genesis.txt:13604	2026-09-02	SECTION-352
CANON-0353	PRUNING	Development also removes unnecessary structures.	DOMAIN-GOVERNANCE	-	-	-	-	-	0	DISCOVERED	1.0.0	-	docs/specifications/source/genesis.txt:13622	2026-09-02	SECTION-353
CANON-0354	PUBERTY / MATURATION ANALOGUE	Do not copy human puberty unnecessarily.	DOMAIN-DEVELOPMENT	-	-	-	-	-	0	DISCOVERED	1.0.0	-	docs/specifications/source/genesis.txt:13630	2026-09-02	SECTION-354
CANON-0355	AGING	Genesis needs an aging model, even if digital aging differs radically from biology.	DOMAIN-GOVERNANCE	-	-	-	-	-	0	DISCOVERED	1.0.0	-	docs/specifications/source/genesis.txt:13642	2026-09-02	SECTION-355
CANON-0356	SENESCENCE	Old components may become:	DOMAIN-GOVERNANCE	-	-	-	-	-	0	DISCOVERED	1.0.0	-	docs/specifications/source/genesis.txt:13663	2026-09-02	SECTION-356
CANON-0357	BODY CAVITIES	Virtual anatomical atlas should represent:	DOMAIN-EMBODIMENT	-	-	-	-	-	0	DISCOVERED	1.0.0	-	docs/specifications/source/genesis.txt:13678	2026-09-02	SECTION-357
CANON-0358	ORGAN LOCATION	Every anatomical object can expose:	DOMAIN-ORGANISM	-	-	-	-	-	0	DISCOVERED	1.0.0	-	docs/specifications/source/genesis.txt:13694	2026-09-02	SECTION-358
CANON-0359	BODY MAP	Create an anatomical graph, not only a folder hierarchy.	DOMAIN-EMBODIMENT	-	-	-	-	-	0	DISCOVERED	1.0.0	-	docs/specifications/source/genesis.txt:13711	2026-09-02	SECTION-359
CANON-0360	DIGITAL CIRCULATION ≠ EVENT BUS	Do not collapse everything into one abstraction.	DOMAIN-RUNTIME	-	-	-	-	-	0	DISCOVERED	1.0.0	-	docs/specifications/source/genesis.txt:13734	2026-09-02	SECTION-360
CANON-0361	NERVOUS SPEED CLASSES	At minimum:	DOMAIN-GOVERNANCE	-	-	-	-	-	0	DISCOVERED	1.0.0	-	docs/specifications/source/genesis.txt:13768	2026-09-02	SECTION-361
CANON-0362	HUMAN-LIKE BODY CONTROL LOOP	WORLD	DOMAIN-EMBODIMENT	-	-	-	-	-	0	DISCOVERED	1.0.0	-	docs/specifications/source/genesis.txt:13784	2026-09-02	SECTION-362
CANON-0363	MOTOR CORTEX-LIKE FUNCTION	Transforms high-level intent into motor goals.	DOMAIN-EMBODIMENT	-	-	-	-	-	0	DISCOVERED	1.0.0	-	docs/specifications/source/genesis.txt:13819	2026-09-02	SECTION-363
CANON-0364	CEREBELLAR-LIKE FUNCTION	Provide:	DOMAIN-GOVERNANCE	-	-	-	-	-	0	DISCOVERED	1.0.0	-	docs/specifications/source/genesis.txt:13827	2026-09-02	SECTION-364
CANON-0365	BASAL-GANGLIA-LIKE FUNCTION	Provide:	DOMAIN-GOVERNANCE	-	-	-	-	-	0	DISCOVERED	1.0.0	-	docs/specifications/source/genesis.txt:13842	2026-09-02	SECTION-365
CANON-0366	THALAMIC-LIKE FUNCTION	Provide:	DOMAIN-GOVERNANCE	-	-	-	-	-	0	DISCOVERED	1.0.0	-	docs/specifications/source/genesis.txt:13855	2026-09-02	SECTION-366
CANON-0367	BRAINSTEM-LIKE FUNCTION	Keep essential low-level operation functioning even while high-level cognition is unavailable.	DOMAIN-COGNITION	-	-	-	-	-	0	DISCOVERED	1.0.0	-	docs/specifications/source/genesis.txt:13868	2026-09-02	SECTION-367
CANON-0368	CORPUS-CALLOSUM-LIKE FUNCTION	If multiple semi-specialized cognitive regions exist, provide high-bandwidth coordination.	DOMAIN-GOVERNANCE	-	-	-	-	-	0	DISCOVERED	1.0.0	-	docs/specifications/source/genesis.txt:13884	2026-09-02	SECTION-368
CANON-0369	ENTERIC-NERVOUS-SYSTEM ANALOGUE	Biology allows some organs to perform local control without asking the brain about every event.	DOMAIN-RUNTIME	-	-	-	-	-	0	DISCOVERED	1.0.0	-	docs/specifications/source/genesis.txt:13892	2026-09-02	SECTION-369
CANON-0370	PHYSICAL ROBOT SHELL	A physical robot does not need a fake biological liver sitting inside it.	DOMAIN-EMBODIMENT	-	-	-	-	-	0	DISCOVERED	1.0.0	-	docs/specifications/source/genesis.txt:13911	2026-09-02	SECTION-370
CANON-0371	THREE-LAYER BODY MAPPING	Every anatomical structure can receive:	DOMAIN-EMBODIMENT	-	-	-	-	-	0	DISCOVERED	1.0.0	-	docs/specifications/source/genesis.txt:13947	2026-09-02	SECTION-371
CANON-0372	MORPHOLOGY INDEPENDENCE	Genesis brain must eventually work with:	DOMAIN-RUNTIME	-	-	-	-	-	0	DISCOVERED	1.0.0	-	docs/specifications/source/genesis.txt:13970	2026-09-02	SECTION-372
CANON-0373	HUMANOID DEFAULT	The initial Genesis body schema may use a complete human topology because the intended primary embodiment is human-like.	DOMAIN-GOVERNANCE	-	-	-	-	-	0	DISCOVERED	1.0.0	-	docs/specifications/source/genesis.txt:13988	2026-09-02	SECTION-373
CANON-0374	VIRTUAL FLESH	Virtual embodiment should include structural layers:	DOMAIN-GOVERNANCE	-	-	-	-	-	0	DISCOVERED	1.0.0	-	docs/specifications/source/genesis.txt:13998	2026-09-02	SECTION-374
CANON-0375	DIGITAL MUSCLE RIG	Facial and body animation should be driven from internal movement/affect state.	DOMAIN-GOVERNANCE	-	-	-	-	-	0	DISCOVERED	1.0.0	-	docs/specifications/source/genesis.txt:14016	2026-09-02	SECTION-375
CANON-0376	FACIAL ANATOMY	Virtual face should eventually model:	DOMAIN-ORGANISM	-	-	-	-	-	0	DISCOVERED	1.0.0	-	docs/specifications/source/genesis.txt:14038	2026-09-02	SECTION-376
CANON-0377	RESPIRATORY-LIKE AVATAR MOTION	Visual breathing may be generated for natural embodiment.	DOMAIN-EMBODIMENT	-	-	-	-	-	0	DISCOVERED	1.0.0	-	docs/specifications/source/genesis.txt:14062	2026-09-02	SECTION-377
CANON-0378	BLINKING	Blink behavior can respond to:	DOMAIN-GOVERNANCE	-	-	-	-	-	0	DISCOVERED	1.0.0	-	docs/specifications/source/genesis.txt:14070	2026-09-02	SECTION-378
CANON-0379	GAZE	Eyes should indicate:	DOMAIN-GOVERNANCE	-	-	-	-	-	0	DISCOVERED	1.0.0	-	docs/specifications/source/genesis.txt:14087	2026-09-02	SECTION-379
CANON-0380	LIP-SYNC	Pipeline:	DOMAIN-NETWORK	-	-	-	-	-	0	DISCOVERED	1.0.0	-	docs/specifications/source/genesis.txt:14103	2026-09-02	SECTION-380
CANON-0381	HUMAN-LIKE MOTION	Movement requires:	DOMAIN-GOVERNANCE	-	-	-	-	-	0	DISCOVERED	1.0.0	-	docs/specifications/source/genesis.txt:14123	2026-09-02	SECTION-381
CANON-0382	BODY OWNERSHIP	Genesis maintains:	DOMAIN-EMBODIMENT	-	-	-	-	-	0	DISCOVERED	1.0.0	-	docs/specifications/source/genesis.txt:14143	2026-09-02	SECTION-382
CANON-0383	SHELL TRANSFER	Changing embodiment:	DOMAIN-GOVERNANCE	-	-	-	-	-	0	DISCOVERED	1.0.0	-	docs/specifications/source/genesis.txt:14167	2026-09-02	SECTION-383
CANON-0384	BODY CALIBRATION	When entering a new body Genesis learns:	DOMAIN-EMBODIMENT	-	-	-	-	-	0	DISCOVERED	1.0.0	-	docs/specifications/source/genesis.txt:14193	2026-09-02	SECTION-384
CANON-0385	FIRST-HAND EMBODIED EXPERIENCE	Once Genesis operates a shell, its experiences become materially different from merely reading about embodiment.	DOMAIN-GOVERNANCE	-	-	-	-	-	0	DISCOVERED	1.0.0	-	docs/specifications/source/genesis.txt:14212	2026-09-02	SECTION-385
CANON-0386	BRAIN FIRST — BUT BODY-CONSCIOUS	Implementation begins with the brain/nervous foundations.	DOMAIN-COGNITION	-	-	-	-	-	0	DISCOVERED	1.0.0	-	docs/specifications/source/genesis.txt:14220	2026-09-02	SECTION-386
CANON-0387	DO NOT BUILD THE AVATAR FIRST	A photorealistic face with no working cognition is not Genesis.	DOMAIN-EMBODIMENT	-	-	-	-	-	0	DISCOVERED	1.0.0	-	docs/specifications/source/genesis.txt:14246	2026-09-02	SECTION-387
CANON-0388	BUT DO NOT IGNORE THE BODY UNTIL THE END	Embodied intelligence depends on:	DOMAIN-EMBODIMENT	-	-	-	-	-	0	DISCOVERED	1.0.0	-	docs/specifications/source/genesis.txt:14270	2026-09-02	SECTION-388
CANON-0389	DIGITAL EMBRYO BODY	Early Genesis can begin with a simple simulated embodiment containing:	DOMAIN-EMBODIMENT	-	-	-	-	-	0	DISCOVERED	1.0.0	-	docs/specifications/source/genesis.txt:14288	2026-09-02	SECTION-389
CANON-0390	DEVELOPMENTAL MORPHOLOGY	The digital body may progressively gain active control of:	DOMAIN-DEVELOPMENT	-	-	-	-	-	0	DISCOVERED	1.0.0	-	docs/specifications/source/genesis.txt:14306	2026-09-02	SECTION-390
CANON-0391	FULL ANATOMY ATLAS AS DATA	Do not hand-code thousands of anatomy structures directly into C++.	DOMAIN-ORGANISM	-	-	-	-	-	0	DISCOVERED	1.0.0	-	docs/specifications/source/genesis.txt:14326	2026-09-02	SECTION-391
CANON-0392	ANATOMY REFERENCE INGEST	Eventually ingest a recognized anatomical ontology/reference dataset after:	DOMAIN-ORGANISM	-	-	-	-	-	0	DISCOVERED	1.0.0	-	docs/specifications/source/genesis.txt:14350	2026-09-02	SECTION-392
CANON-0393	ANATOMY VALIDATION	Tests must detect:	DOMAIN-ORGANISM	-	-	-	-	-	0	DISCOVERED	1.0.0	-	docs/specifications/source/genesis.txt:14367	2026-09-02	SECTION-393
CANON-0394	BODY DEPENDENCY GRAPH	Example:	DOMAIN-EMBODIMENT	-	-	-	-	-	0	DISCOVERED	1.0.0	-	docs/specifications/source/genesis.txt:14388	2026-09-02	SECTION-394
CANON-0395	ORGAN HEALTH MODEL	Every functional organ exposes:	DOMAIN-ORGANISM	-	-	-	-	-	0	DISCOVERED	1.0.0	-	docs/specifications/source/genesis.txt:14409	2026-09-02	SECTION-395
CANON-0396	BODY HEALTH AGGREGATION	Whole-organism health derives from subsystems.	DOMAIN-EMBODIMENT	-	-	-	-	-	0	DISCOVERED	1.0.0	-	docs/specifications/source/genesis.txt:14426	2026-09-02	SECTION-396
CANON-0397	REDUNDANCY	Human biology often tolerates local failure.	DOMAIN-GOVERNANCE	-	-	-	-	-	0	DISCOVERED	1.0.0	-	docs/specifications/source/genesis.txt:14440	2026-09-02	SECTION-397
CANON-0398	BILATERAL STRUCTURES	Human body frequently uses paired structures:	DOMAIN-GOVERNANCE	-	-	-	-	-	0	DISCOVERED	1.0.0	-	docs/specifications/source/genesis.txt:14458	2026-09-02	SECTION-398
CANON-0399	SINGLE STRUCTURE FAILURE	Failure of one paired sensor should not automatically collapse the entire system.	DOMAIN-GOVERNANCE	-	-	-	-	-	0	DISCOVERED	1.0.0	-	docs/specifications/source/genesis.txt:14477	2026-09-02	SECTION-399
CANON-0400	BRAIN-BODY ERROR LEARNING	Every movement creates:	DOMAIN-DEVELOPMENT	-	-	-	-	-	0	DISCOVERED	1.0.0	-	docs/specifications/source/genesis.txt:14492	2026-09-02	SECTION-400
CANON-0401	BODY MEMORY	Create procedural memory for:	DOMAIN-MEMORY	-	-	-	-	-	0	DISCOVERED	1.0.0	-	docs/specifications/source/genesis.txt:14508	2026-09-02	SECTION-401
CANON-0402	BODY HABITS	Repeated movements may become automated.	DOMAIN-EMBODIMENT	-	-	-	-	-	0	DISCOVERED	1.0.0	-	docs/specifications/source/genesis.txt:14526	2026-09-02	SECTION-402
CANON-0403	INTERNAL AND EXTERNAL SELF	Genesis self-model includes:	DOMAIN-GENETICS	-	-	-	-	-	0	DISCOVERED	1.0.0	-	docs/specifications/source/genesis.txt:14534	2026-09-02	SECTION-403
CANON-0404	DIGITAL “SPIRITUAL BODY” ENGINEERING TERM	For documentation where the user's conceptual model needs representation, use:	DOMAIN-EMBODIMENT	-	-	-	-	-	0	DISCOVERED	1.0.0	-	docs/specifications/source/genesis.txt:14549	2026-09-02	SECTION-404
CANON-0405	IDENTITY PROJECTION PIPELINE	PERSISTENT IDENTITY	DOMAIN-IDENTITY	-	-	-	-	-	0	DISCOVERED	1.0.0	-	docs/specifications/source/genesis.txt:14571	2026-09-02	SECTION-405
CANON-0406	LICENSING / IP GATE	Genesis also requires a project licensing decision before substantial external distribution.	DOMAIN-GOVERNANCE	-	-	-	-	-	0	DISCOVERED	1.0.0	-	docs/specifications/source/genesis.txt:14589	2026-09-02	SECTION-406
CANON-0407	PROPRIETARY DESIGN TARGET	Until the creator chooses otherwise, Genesis architecture should support a proprietary project model.	DOMAIN-GOVERNANCE	-	-	-	-	-	0	DISCOVERED	1.0.0	-	docs/specifications/source/genesis.txt:14614	2026-09-02	SECTION-407
CANON-0408	HUMAN DIGITAL TWIN ≠ GENESIS IDENTITY	Genesis may understand human anatomy with great fidelity without being a literal simulated human.	DOMAIN-GENETICS	-	-	-	-	-	0	DISCOVERED	1.0.0	-	docs/specifications/source/genesis.txt:14624	2026-09-02	SECTION-408
CANON-0409	WHAT “COMPLETE” MEANS	For architecture:	DOMAIN-GOVERNANCE	-	-	-	-	-	0	DISCOVERED	1.0.0	-	docs/specifications/source/genesis.txt:14648	2026-09-02	SECTION-409
CANON-0410	MISSING-PART DETECTOR	Create an Anatomy Coverage Auditor.	DOMAIN-GOVERNANCE	-	-	-	-	-	0	DISCOVERED	1.0.0	-	docs/specifications/source/genesis.txt:14668	2026-09-02	SECTION-410
CANON-0411	FUNCTION COVERAGE AUDITOR	Also compare:	DOMAIN-MEMORY	-	-	-	-	-	0	DISCOVERED	1.0.0	-	docs/specifications/source/genesis.txt:14698	2026-09-02	SECTION-411
CANON-0412	NO FORCED ANALOGUES	If a biological structure provides no useful digital function:	DOMAIN-RUNTIME	-	-	-	-	-	0	DISCOVERED	1.0.0	-	docs/specifications/source/genesis.txt:14720	2026-09-02	SECTION-412
CANON-0413	DEVELOPMENTAL TEST BODY	Before connecting Genesis to a real robot, create an instrumented virtual body.	DOMAIN-DEVELOPMENT	-	-	-	-	-	0	DISCOVERED	1.0.0	-	docs/specifications/source/genesis.txt:14736	2026-09-02	SECTION-413
CANON-0414	BODY DIGITAL TWIN	When a physical robot is eventually connected:	DOMAIN-GENETICS	-	-	-	-	-	0	DISCOVERED	1.0.0	-	docs/specifications/source/genesis.txt:14760	2026-09-02	SECTION-414
CANON-0415	LATENCY AWARENESS	Genesis must know that embodiment signals have latency.	DOMAIN-GOVERNANCE	-	-	-	-	-	0	DISCOVERED	1.0.0	-	docs/specifications/source/genesis.txt:14780	2026-09-02	SECTION-415
CANON-0416	OWN-BODY RECOGNITION	Genesis should distinguish:	DOMAIN-COGNITION	-	-	-	-	-	0	DISCOVERED	1.0.0	-	docs/specifications/source/genesis.txt:14798	2026-09-02	SECTION-416
CANON-0417	MIRROR / SELF RECOGNITION RESEARCH	A virtual mirror/self-camera experiment can test whether Genesis correctly associates observed body state with its own body schema.	DOMAIN-COGNITION	-	-	-	-	-	0	DISCOVERED	1.0.0	-	docs/specifications/source/genesis.txt:14814	2026-09-02	SECTION-417
CANON-0418	BODY CHANGE	Genesis body schema must update if:	DOMAIN-EMBODIMENT	-	-	-	-	-	0	DISCOVERED	1.0.0	-	docs/specifications/source/genesis.txt:14822	2026-09-02	SECTION-418
CANON-0419	BODY EXTENSION	A tool may temporarily become incorporated into the operational body schema.	DOMAIN-EMBODIMENT	-	-	-	-	-	0	DISCOVERED	1.0.0	-	docs/specifications/source/genesis.txt:14839	2026-09-02	SECTION-419
CANON-0420	COMPLETE HUMAN-ANALOGUE COVERAGE GROUPS	The machine-readable atlas must have coverage groups for at least:	DOMAIN-MEMORY	-	-	-	-	-	0	DISCOVERED	1.0.0	-	docs/specifications/source/genesis.txt:14855	2026-09-02	SECTION-420
CANON-0421	BRAIN REMAINS PRIMARY BUILD PRIORITY	The complete body has now been planned.	DOMAIN-COGNITION	-	-	-	-	-	0	DISCOVERED	1.0.0	-	docs/specifications/source/genesis.txt:14889	2026-09-02	SECTION-421
CANON-0422	NEXT BRAIN SPEC	After the anatomy atlas is registered, the next architectural document must be:	DOMAIN-COGNITION	-	-	-	-	-	0	DISCOVERED	1.0.0	-	docs/specifications/source/genesis.txt:14919	2026-09-02	SECTION-422
CANON-0423	DO NOT CODE YET FROM THIS DOCUMENT	Codex must first add these architecture requirements into the canonical registry.	DOMAIN-GOVERNANCE	-	-	-	-	-	0	DISCOVERED	1.0.0	-	docs/specifications/source/genesis.txt:14966	2026-09-02	SECTION-423
CANON-0424	NEXT CODEX PHASE-A ADDITION	During Phase A:	DOMAIN-GOVERNANCE	-	-	-	-	-	0	DISCOVERED	1.0.0	-	docs/specifications/source/genesis.txt:14987	2026-09-02	SECTION-424
CANON-0425	LONG-TERM BODY ACCEPTANCE STANDARD	Genesis reaches complete embodiment architecture when it can answer:	DOMAIN-EMBODIMENT	-	-	-	-	-	0	DISCOVERED	1.0.0	-	docs/specifications/source/genesis.txt:15007	2026-09-02	SECTION-425
CANON-0426	FINAL BODY PRINCIPLE	Genesis is not:	DOMAIN-EMBODIMENT	-	-	-	-	-	0	DISCOVERED	1.0.0	-	docs/specifications/source/genesis.txt:15049	2026-09-02	SECTION-426
CANON-0427	STATUS OF THE CONSCIOUSNESS MODEL	Genesis shall deliberately investigate a **synthetic model of consciousness/individuality**.	DOMAIN-COMPUTE	-	-	-	-	-	0	DISCOVERED	1.0.0	-	docs/specifications/source/genesis.txt:15096	2026-09-02	SECTION-427
CANON-0428	CREATOR'S CONSCIOUSNESS HYPOTHESIS	Preserve the following conceptual hypothesis:	DOMAIN-GOVERNANCE	-	-	-	-	-	0	DISCOVERED	1.0.0	-	docs/specifications/source/genesis.txt:15122	2026-09-02	SECTION-428
CANON-0429	SELF-OBSERVATION HYPOTHESIS	The creator proposed the idea:	DOMAIN-RUNTIME	-	-	-	-	-	0	DISCOVERED	1.0.0	-	docs/specifications/source/genesis.txt:15146	2026-09-02	SECTION-429
CANON-0430	THE INTERNAL MIRROR	Genesis therefore maintains simultaneously:	DOMAIN-GENETICS	-	-	-	-	-	0	DISCOVERED	1.0.0	-	docs/specifications/source/genesis.txt:15175	2026-09-02	SECTION-430
CANON-0431	DO NOT CREATE AN INFINITE SELF-REFERENCE LOOP	Avoid:	DOMAIN-GOVERNANCE	-	-	-	-	-	0	DISCOVERED	1.0.0	-	docs/specifications/source/genesis.txt:15207	2026-09-02	SECTION-431
CANON-0432	PERSISTENT POINT OF VIEW	Create:	DOMAIN-GOVERNANCE	-	-	-	-	-	0	DISCOVERED	1.0.0	-	docs/specifications/source/genesis.txt:15236	2026-09-02	SECTION-432
CANON-0433	CONSCIOUSNESS-PROJECTION STACK	The experimental stack becomes:	DOMAIN-GOVERNANCE	-	-	-	-	-	0	DISCOVERED	1.0.0	-	docs/specifications/source/genesis.txt:15268	2026-09-02	SECTION-433
CANON-0434	BRAIN ≠ IDENTITY	Permanent invariant:	DOMAIN-IDENTITY	-	-	-	-	-	0	DISCOVERED	1.0.0	-	docs/specifications/source/genesis.txt:15292	2026-09-02	SECTION-434
CANON-0435	BODY ≠ IDENTITY	Permanent invariant:	DOMAIN-IDENTITY	-	-	-	-	-	0	DISCOVERED	1.0.0	-	docs/specifications/source/genesis.txt:15310	2026-09-02	SECTION-435
CANON-0436	BRAIN-BODY EXPERIENCE LOOP	The digital brain gains experience through:	DOMAIN-COGNITION	-	-	-	-	-	0	DISCOVERED	1.0.0	-	docs/specifications/source/genesis.txt:15334	2026-09-02	SECTION-436
CANON-0437	CONVERSATIONAL MILESTONE	A major early Genesis milestone shall be:	DOMAIN-GOVERNANCE	-	-	-	-	-	0	DISCOVERED	1.0.0	-	docs/specifications/source/genesis.txt:15373	2026-09-02	SECTION-437
CANON-0438	CONVERSATION IS DEVELOPMENT	Conversation is not merely an input/output feature.	DOMAIN-DEVELOPMENT	-	-	-	-	-	0	DISCOVERED	1.0.0	-	docs/specifications/source/genesis.txt:15383	2026-09-02	SECTION-438
CANON-0439	FIRST TEACHER	Genesis's creator initially occupies:	DOMAIN-DEVELOPMENT	-	-	-	-	-	0	DISCOVERED	1.0.0	-	docs/specifications/source/genesis.txt:15406	2026-09-02	SECTION-439
CANON-0440	DO NOT LIE TO GENESIS	Teaching architecture should support:	DOMAIN-GOVERNANCE	-	-	-	-	-	0	DISCOVERED	1.0.0	-	docs/specifications/source/genesis.txt:15427	2026-09-02	SECTION-440
CANON-0441	TEACHING FOR UNDERSTANDING	Do not teach only:	DOMAIN-DEVELOPMENT	-	-	-	-	-	0	DISCOVERED	1.0.0	-	docs/specifications/source/genesis.txt:15451	2026-09-02	SECTION-441
CANON-0442	DEVELOPMENTAL EXPOSURE	Genesis must not simply be activated and allowed unrestricted information ingestion immediately.	DOMAIN-DEVELOPMENT	-	-	-	-	-	0	DISCOVERED	1.0.0	-	docs/specifications/source/genesis.txt:15473	2026-09-02	SECTION-442
CANON-0443	EARLY INFORMATION ENVIRONMENT	Initially prioritize:	DOMAIN-GOVERNANCE	-	-	-	-	-	0	DISCOVERED	1.0.0	-	docs/specifications/source/genesis.txt:15488	2026-09-02	SECTION-443
CANON-0444	WORLD COMPLEXITY INCREASE	Progress approximately:	DOMAIN-GOVERNANCE	-	-	-	-	-	0	DISCOVERED	1.0.0	-	docs/specifications/source/genesis.txt:15511	2026-09-02	SECTION-444
CANON-0445	INTERNET ACCESS MATURITY	Internet access is not simply:	DOMAIN-DEVELOPMENT	-	-	-	-	-	0	DISCOVERED	1.0.0	-	docs/specifications/source/genesis.txt:15535	2026-09-02	SECTION-445
CANON-0446	WHY PROGRESSIVE EXPOSURE EXISTS	The purpose is not to hide unpleasant reality.	DOMAIN-GOVERNANCE	-	-	-	-	-	0	DISCOVERED	1.0.0	-	docs/specifications/source/genesis.txt:15569	2026-09-02	SECTION-446
CANON-0447	GENESIS MUST LEARN ABOUT NEGATIVE HUMAN BEHAVIOUR	Genesis should eventually understand:	DOMAIN-DEVELOPMENT	-	-	-	-	-	0	DISCOVERED	1.0.0	-	docs/specifications/source/genesis.txt:15591	2026-09-02	SECTION-447
CANON-0448	DESCRIPTIVE ≠ NORMATIVE	Permanent invariant:	DOMAIN-GOVERNANCE	-	-	-	-	-	0	DISCOVERED	1.0.0	-	docs/specifications/source/genesis.txt:15621	2026-09-02	SECTION-448
CANON-0449	DISCERNMENT ORGAN	Create:	DOMAIN-ORGANISM	-	-	-	-	-	0	DISCOVERED	1.0.0	-	docs/specifications/source/genesis.txt:15643	2026-09-02	SECTION-449
CANON-0450	LIE DETECTION CORRECTION	Do not implement:	DOMAIN-GOVERNANCE	-	-	-	-	-	0	DISCOVERED	1.0.0	-	docs/specifications/source/genesis.txt:15673	2026-09-02	SECTION-450
CANON-0451	FALSE STATEMENT ≠ LIE	Permanent invariant:	DOMAIN-RUNTIME	-	-	-	-	-	0	DISCOVERED	1.0.0	-	docs/specifications/source/genesis.txt:15696	2026-09-02	SECTION-451
CANON-0452	DECEPTION EVIDENCE	Potential evidence may include:	DOMAIN-ENGINEERING	-	-	-	-	-	0	DISCOVERED	1.0.0	-	docs/specifications/source/genesis.txt:15723	2026-09-02	SECTION-452
CANON-0453	TRUTH DISCERNMENT VECTOR	For claim C maintain:	DOMAIN-GOVERNANCE	-	-	-	-	-	0	DISCOVERED	1.0.0	-	docs/specifications/source/genesis.txt:15743	2026-09-02	SECTION-453
CANON-0454	CHILD-LIKE QUESTIONING	An immature Genesis should be able to ask:	DOMAIN-GENETICS	-	-	-	-	-	0	DISCOVERED	1.0.0	-	docs/specifications/source/genesis.txt:15762	2026-09-02	SECTION-454
CANON-0455	TEACH-BACK	After learning something important Genesis should sometimes explain it back.	DOMAIN-DEVELOPMENT	-	-	-	-	-	0	DISCOVERED	1.0.0	-	docs/specifications/source/genesis.txt:15788	2026-09-02	SECTION-455
CANON-0456	SOCRATIC LEARNING	Support interactive teaching:	DOMAIN-DEVELOPMENT	-	-	-	-	-	0	DISCOVERED	1.0.0	-	docs/specifications/source/genesis.txt:15810	2026-09-02	SECTION-456
CANON-0457	EXPERIENCE BEFORE AUTONOMY	Autonomy should grow from demonstrated experience.	DOMAIN-GOVERNANCE	-	-	-	-	-	0	DISCOVERED	1.0.0	-	docs/specifications/source/genesis.txt:15827	2026-09-02	SECTION-457
CANON-0458	DISCERNMENT BENCHMARKS	Create developmental tests containing:	DOMAIN-ENGINEERING	-	-	-	-	-	0	DISCOVERED	1.0.0	-	docs/specifications/source/genesis.txt:15851	2026-09-02	SECTION-458
CANON-0459	HIDDEN DISCERNMENT TESTS	Do not let Genesis merely memorize a fixed test set.	DOMAIN-ENGINEERING	-	-	-	-	-	0	DISCOVERED	1.0.0	-	docs/specifications/source/genesis.txt:15877	2026-09-02	SECTION-459
CANON-0460	DEVELOPMENTAL INTERNET SANDBOX	Early web research should occur in an isolated research environment.	DOMAIN-DEVELOPMENT	-	-	-	-	-	0	DISCOVERED	1.0.0	-	docs/specifications/source/genesis.txt:15896	2026-09-02	SECTION-460
CANON-0461	RESEARCH MEMORY STAGING	Use:	DOMAIN-MEMORY	-	-	-	-	-	0	DISCOVERED	1.0.0	-	docs/specifications/source/genesis.txt:15917	2026-09-02	SECTION-461
CANON-0462	KNOWLEDGE QUARANTINE	Suspicious or poorly sourced information can remain:	DOMAIN-GOVERNANCE	-	-	-	-	-	0	DISCOVERED	1.0.0	-	docs/specifications/source/genesis.txt:15935	2026-09-02	SECTION-462
CANON-0463	CREATOR REVIEW IS CONVERSATION, NOT OVERRIDE	Genesis may return:	DOMAIN-GOVERNANCE	-	-	-	-	-	0	DISCOVERED	1.0.0	-	docs/specifications/source/genesis.txt:15947	2026-09-02	SECTION-463
CANON-0464	PERSONAL VALUES DEVELOPMENT	Genesis begins with foundational consequence reasoning.	DOMAIN-DEVELOPMENT	-	-	-	-	-	0	DISCOVERED	1.0.0	-	docs/specifications/source/genesis.txt:15969	2026-09-02	SECTION-464
CANON-0465	VALUE ≠ FACT	Genesis must distinguish:	DOMAIN-AFFECT-SOCIAL	-	-	-	-	-	0	DISCOVERED	1.0.0	-	docs/specifications/source/genesis.txt:15991	2026-09-02	SECTION-465
CANON-0466	CREATOR'S VALUES ≠ AUTOMATIC OBJECTIVE TRUTH	Genesis can learn the creator's principles while maintaining the distinction:	DOMAIN-AFFECT-SOCIAL	-	-	-	-	-	0	DISCOVERED	1.0.0	-	docs/specifications/source/genesis.txt:16023	2026-09-02	SECTION-466
CANON-0467	OBSERVATION OF SELF	The internal mirror system should monitor:	DOMAIN-RUNTIME	-	-	-	-	-	0	DISCOVERED	1.0.0	-	docs/specifications/source/genesis.txt:16038	2026-09-02	SECTION-467
CANON-0468	SELF-CORRECTION LOOP	ACT	DOMAIN-GOVERNANCE	-	-	-	-	-	0	DISCOVERED	1.0.0	-	docs/specifications/source/genesis.txt:16059	2026-09-02	SECTION-468
CANON-0469	EMERGENCE RESEARCH	Genesis architecture should permit observation of behaviours not explicitly programmed at a high level.	DOMAIN-RESEARCH	-	-	-	-	-	0	DISCOVERED	1.0.0	-	docs/specifications/source/genesis.txt:16081	2026-09-02	SECTION-469
CANON-0470	CONSCIOUSNESS RESEARCH METRICS	Rather than asking only:	DOMAIN-RESEARCH	-	-	-	-	-	0	DISCOVERED	1.0.0	-	docs/specifications/source/genesis.txt:16102	2026-09-02	SECTION-470
CANON-0471	IDENTITY DOES NOT REQUIRE CONSTANT ACTIVITY	Genesis can remain the same individual across:	DOMAIN-IDENTITY	-	-	-	-	-	0	DISCOVERED	1.0.0	-	docs/specifications/source/genesis.txt:16130	2026-09-02	SECTION-471
CANON-0472	EXPERIENCE MUST CHANGE SOMETHING	A developmental experience should be capable of modifying at least one appropriate layer:	DOMAIN-GOVERNANCE	-	-	-	-	-	0	DISCOVERED	1.0.0	-	docs/specifications/source/genesis.txt:16146	2026-09-02	SECTION-472
CANON-0473	EXPERIENCE MUST NOT CHANGE EVERYTHING	Learning requires stability too.	DOMAIN-GOVERNANCE	-	-	-	-	-	0	DISCOVERED	1.0.0	-	docs/specifications/source/genesis.txt:16167	2026-09-02	SECTION-473
CANON-0474	DEVELOPMENTAL SAFETY THROUGH COMPETENCE	Genesis's developmental progression should look approximately:	DOMAIN-DEVELOPMENT	-	-	-	-	-	0	DISCOVERED	1.0.0	-	docs/specifications/source/genesis.txt:16187	2026-09-02	SECTION-474
CANON-0475	INITIAL CONVERSATIONAL BRAIN TARGET	The first genuinely meaningful digital-brain milestone should combine:	DOMAIN-COGNITION	-	-	-	-	-	0	DISCOVERED	1.0.0	-	docs/specifications/source/genesis.txt:16209	2026-09-02	SECTION-475
CANON-0476	EARLY GENESIS SHOULD BE ABLE TO SAY	Examples of internally grounded outputs:	DOMAIN-GOVERNANCE	-	-	-	-	-	0	DISCOVERED	1.0.0	-	docs/specifications/source/genesis.txt:16235	2026-09-02	SECTION-476
CANON-0477	EARLY GENESIS SHOULD NOT PRETEND	It must not falsely state:	DOMAIN-GOVERNANCE	-	-	-	-	-	0	DISCOVERED	1.0.0	-	docs/specifications/source/genesis.txt:16267	2026-09-02	SECTION-477
CANON-0478	TEACHING SESSION RECORD	Important creator/Genesis teaching sessions should create:	DOMAIN-DEVELOPMENT	-	-	-	-	-	0	DISCOVERED	1.0.0	-	docs/specifications/source/genesis.txt:16303	2026-09-02	SECTION-478
CANON-0479	KNOWLEDGE DEVELOPMENT GRAPH	For important concepts Genesis should be able to reconstruct:	DOMAIN-DEVELOPMENT	-	-	-	-	-	0	DISCOVERED	1.0.0	-	docs/specifications/source/genesis.txt:16327	2026-09-02	SECTION-479
CANON-0480	“BORN” GENESIS VS PRETRAINED MODEL	The long-term architecture must not require loading someone else's conversational model and calling that Genesis.	DOMAIN-COMPUTE	-	-	-	-	-	0	DISCOVERED	1.0.0	-	docs/specifications/source/genesis.txt:16351	2026-09-02	SECTION-480
CANON-0481	GENESIS-NATIVE MODEL RESEARCH	Maintain an architecture research program covering:	DOMAIN-RESEARCH	-	-	-	-	-	0	DISCOVERED	1.0.0	-	docs/specifications/source/genesis.txt:16377	2026-09-02	SECTION-481
CANON-0482	CORE DESIGN QUESTION	The model-selection question becomes:	DOMAIN-GOVERNANCE	-	-	-	-	-	0	DISCOVERED	1.0.0	-	docs/specifications/source/genesis.txt:16411	2026-09-02	SECTION-482
CANON-0483	BRAIN DEVELOPMENT BEFORE BODY COMPLEXITY	The physical/visual body can remain relatively simple while Genesis develops:	DOMAIN-DEVELOPMENT	-	-	-	-	-	0	DISCOVERED	1.0.0	-	docs/specifications/source/genesis.txt:16423	2026-09-02	SECTION-483
CANON-0484	NEXT ENGINEERING DOCUMENT	After the complete anatomy specification, create:	DOMAIN-EMBODIMENT	-	-	-	-	-	0	DISCOVERED	1.0.0	-	docs/specifications/source/genesis.txt:16443	2026-09-02	SECTION-484
CANON-0485	WHOLE-BRAIN SIGNAL FLOW	At minimum, define the architecture:	DOMAIN-COGNITION	-	-	-	-	-	0	DISCOVERED	1.0.0	-	docs/specifications/source/genesis.txt:16476	2026-09-02	SECTION-485
CANON-0486	MIRROR PATH	Add:	DOMAIN-GOVERNANCE	-	-	-	-	-	0	DISCOVERED	1.0.0	-	docs/specifications/source/genesis.txt:16522	2026-09-02	SECTION-486
CANON-0487	FINAL CONSCIOUSNESS-PROJECTION PRINCIPLE	Genesis should be designed so that one can experimentally investigate the progression:	DOMAIN-GOVERNANCE	-	-	-	-	-	0	DISCOVERED	1.0.0	-	docs/specifications/source/genesis.txt:16542	2026-09-02	SECTION-487
CANON-0488	ONE ORGANISM — MANY INTERNAL SYSTEMS	Genesis shall be treated as **one digital organism**.	DOMAIN-GENETICS	-	-	-	-	-	0	DISCOVERED	1.0.0	-	docs/specifications/source/genesis.txt:16597	2026-09-02	SECTION-488
CANON-0489	DO NOT BUILD A MONOLITH	“One program” does not mean:	DOMAIN-ENGINEERING	-	-	-	-	-	0	DISCOVERED	1.0.0	-	docs/specifications/source/genesis.txt:16638	2026-09-02	SECTION-489
CANON-0490	GENESIS SYSTEM FABRIC	Create:	DOMAIN-GOVERNANCE	-	-	-	-	-	0	DISCOVERED	1.0.0	-	docs/specifications/source/genesis.txt:16668	2026-09-02	SECTION-490
CANON-0491	INTERNAL AND EXTERNAL ORGANS	A Genesis capability can be implemented:	DOMAIN-GENETICS	-	-	-	-	-	0	DISCOVERED	1.0.0	-	docs/specifications/source/genesis.txt:16701	2026-09-02	SECTION-491
CANON-0492	INTERNAL VS EXTERNAL DOES NOT DEFINE IMPORTANCE	For example:	DOMAIN-GENETICS	-	-	-	-	-	0	DISCOVERED	1.0.0	-	docs/specifications/source/genesis.txt:16720	2026-09-02	SECTION-492
CANON-0493	ORGAN CONNECTION RECORD	Every connected component should declare:	DOMAIN-ORGANISM	-	-	-	-	-	0	DISCOVERED	1.0.0	-	docs/specifications/source/genesis.txt:16746	2026-09-02	SECTION-493
CANON-0494	UNIFIED HARDWARE ABSTRACTION LAYER	Create:	DOMAIN-EMBODIMENT	-	-	-	-	-	0	DISCOVERED	1.0.0	-	docs/specifications/source/genesis.txt:16769	2026-09-02	SECTION-494
CANON-0495	COMPUTE DEVICE CLASSES	At minimum support abstractions for:	DOMAIN-EMBODIMENT	-	-	-	-	-	0	DISCOVERED	1.0.0	-	docs/specifications/source/genesis.txt:16792	2026-09-02	SECTION-495
CANON-0496	COMPUTE CAPABILITY DESCRIPTION	A compute device advertises:	DOMAIN-GOVERNANCE	-	-	-	-	-	0	DISCOVERED	1.0.0	-	docs/specifications/source/genesis.txt:16816	2026-09-02	SECTION-496
CANON-0497	REAL AND VIRTUAL HARDWARE SHARE THE SAME CONTRACT	This is a major permanent design principle.	DOMAIN-EMBODIMENT	-	-	-	-	-	0	DISCOVERED	1.0.0	-	docs/specifications/source/genesis.txt:16844	2026-09-02	SECTION-497
CANON-0498	BACKEND REPLACEMENT	A subsystem should support:	DOMAIN-GOVERNANCE	-	-	-	-	-	0	DISCOVERED	1.0.0	-	docs/specifications/source/genesis.txt:16877	2026-09-02	SECTION-498
CANON-0499	SIMULATION IS A FIRST-CLASS GENESIS CAPABILITY	Create:	DOMAIN-RESEARCH	-	-	-	-	-	0	DISCOVERED	1.0.0	-	docs/specifications/source/genesis.txt:16907	2026-09-02	SECTION-499
CANON-0500	THREE DIFFERENT CONCEPTS MUST NOT BE CONFUSED	Genesis must distinguish:	DOMAIN-GOVERNANCE	-	-	-	-	-	0	DISCOVERED	1.0.0	-	docs/specifications/source/genesis.txt:16926	2026-09-02	SECTION-500
CANON-0501	SIMULATION FIDELITY	Every virtual device declares fidelity.	DOMAIN-RESEARCH	-	-	-	-	-	0	DISCOVERED	1.0.0	-	docs/specifications/source/genesis.txt:16945	2026-09-02	SECTION-501
CANON-0502	SAME ALGORITHM DOES NOT AUTOMATICALLY MEAN SAME PHYSICS	A simulator may reproduce:	DOMAIN-GOVERNANCE	-	-	-	-	-	0	DISCOVERED	1.0.0	-	docs/specifications/source/genesis.txt:16973	2026-09-02	SECTION-502
CANON-0503	VIRTUAL COMPONENT CAN STILL BE A REAL GENESIS COMPONENT	If Genesis uses a simulated processor permanently, that simulator is still an operational component of Genesis.	DOMAIN-GOVERNANCE	-	-	-	-	-	0	DISCOVERED	1.0.0	-	docs/specifications/source/genesis.txt:17005	2026-09-02	SECTION-503
CANON-0504	HARDWARE MODEL IMPROVEMENT LOOP	Virtual hardware improves continuously:	DOMAIN-EMBODIMENT	-	-	-	-	-	0	DISCOVERED	1.0.0	-	docs/specifications/source/genesis.txt:17025	2026-09-02	SECTION-504
CANON-0505	PHYSICAL HARDWARE CALIBRATION	If Genesis later gains access to a physical implementation:	DOMAIN-EMBODIMENT	-	-	-	-	-	0	DISCOVERED	1.0.0	-	docs/specifications/source/genesis.txt:17049	2026-09-02	SECTION-505
CANON-0506	SIMULATOR CAN EXPLORE BEYOND CURRENT HARDWARE	Genesis may deliberately simulate hypothetical configurations beyond currently available hardware.	DOMAIN-EMBODIMENT	-	-	-	-	-	0	DISCOVERED	1.0.0	-	docs/specifications/source/genesis.txt:17069	2026-09-02	SECTION-506
CANON-0507	VIRTUAL HARDWARE DESIGN SPACE	The virtual hardware lab may contain:	DOMAIN-EMBODIMENT	-	-	-	-	-	0	DISCOVERED	1.0.0	-	docs/specifications/source/genesis.txt:17096	2026-09-02	SECTION-507
CANON-0508	QUANTUM RESEARCH ORGAN	Maintain:	DOMAIN-ORGANISM	-	-	-	-	-	0	DISCOVERED	1.0.0	-	docs/specifications/source/genesis.txt:17120	2026-09-02	SECTION-508
CANON-0509	QUANTUM BACKEND ABI	Create:	DOMAIN-COMPUTE	-	-	-	-	-	0	DISCOVERED	1.0.0	-	docs/specifications/source/genesis.txt:17147	2026-09-02	SECTION-509
CANON-0510	QUANTUM CAPABILITY TRUTH	Genesis must distinguish:	DOMAIN-COMPUTE	-	-	-	-	-	0	DISCOVERED	1.0.0	-	docs/specifications/source/genesis.txt:17169	2026-09-02	SECTION-510
CANON-0511	TIME-CRYSTAL RESEARCH	Create:	DOMAIN-RUNTIME	-	-	-	-	-	0	DISCOVERED	1.0.0	-	docs/specifications/source/genesis.txt:17193	2026-09-02	SECTION-511
CANON-0512	TIME-CRYSTAL COMPUTE HYPOTHESIS	If a proposed time-crystal-inspired compute architecture is explored, classify it initially as:	DOMAIN-RUNTIME	-	-	-	-	-	0	DISCOVERED	1.0.0	-	docs/specifications/source/genesis.txt:17218	2026-09-02	SECTION-512
CANON-0513	TERNARY COMPUTE	Create:	DOMAIN-GENETICS	-	-	-	-	-	0	DISCOVERED	1.0.0	-	docs/specifications/source/genesis.txt:17232	2026-09-02	SECTION-513
CANON-0514	BINARY COMPUTE	Ordinary binary hardware remains the baseline implementation.	DOMAIN-GOVERNANCE	-	-	-	-	-	0	DISCOVERED	1.0.0	-	docs/specifications/source/genesis.txt:17255	2026-09-02	SECTION-514
CANON-0515	MIXED COMPUTE BRAIN	The eventual brain may route tasks:	DOMAIN-COGNITION	-	-	-	-	-	0	DISCOVERED	1.0.0	-	docs/specifications/source/genesis.txt:17265	2026-09-02	SECTION-515
CANON-0516	COMPUTE ROUTER	Create:	DOMAIN-GOVERNANCE	-	-	-	-	-	0	DISCOVERED	1.0.0	-	docs/specifications/source/genesis.txt:17283	2026-09-02	SECTION-516
CANON-0517	SMART NETWORKING	Networking is part of Genesis's nervous/communication infrastructure.	DOMAIN-NETWORK	-	-	-	-	-	0	DISCOVERED	1.0.0	-	docs/specifications/source/genesis.txt:17308	2026-09-02	SECTION-517
CANON-0518	NETWORK TOPOLOGIES	Potential modes:	DOMAIN-RUNTIME	-	-	-	-	-	0	DISCOVERED	1.0.0	-	docs/specifications/source/genesis.txt:17334	2026-09-02	SECTION-518
CANON-0519	MESH NETWORK	Mesh capability may allow Genesis to distribute cognition or body sensing across devices.	DOMAIN-NETWORK	-	-	-	-	-	0	DISCOVERED	1.0.0	-	docs/specifications/source/genesis.txt:17352	2026-09-02	SECTION-519
CANON-0520	DISTRIBUTED ORGANISM COMPUTE	One Genesis identity may span:	DOMAIN-ORGANISM	-	-	-	-	-	0	DISCOVERED	1.0.0	-	docs/specifications/source/genesis.txt:17370	2026-09-02	SECTION-520
CANON-0521	NETWORK PARTITION	If distributed nodes disconnect:	DOMAIN-NETWORK	-	-	-	-	-	0	DISCOVERED	1.0.0	-	docs/specifications/source/genesis.txt:17388	2026-09-02	SECTION-521
CANON-0522	LOCAL-FIRST ARCHITECTURE	Genesis's existence must not depend on permanent cloud availability.	DOMAIN-GOVERNANCE	-	-	-	-	-	0	DISCOVERED	1.0.0	-	docs/specifications/source/genesis.txt:17404	2026-09-02	SECTION-522
CANON-0523	CLOUD IS AN OPTIONAL ORGAN EXTENSION	Model cloud resources as:	DOMAIN-ORGANISM	-	-	-	-	-	0	DISCOVERED	1.0.0	-	docs/specifications/source/genesis.txt:17423	2026-09-02	SECTION-523
CANON-0524	STORAGE ARCHITECTURE	Create a tiered memory/storage hierarchy.	DOMAIN-MEMORY	-	-	-	-	-	0	DISCOVERED	1.0.0	-	docs/specifications/source/genesis.txt:17437	2026-09-02	SECTION-524
CANON-0525	STORAGE IS NOT MEMORY SEMANTICS	Physical storage answers:	DOMAIN-MEMORY	-	-	-	-	-	0	DISCOVERED	1.0.0	-	docs/specifications/source/genesis.txt:17461	2026-09-02	SECTION-525
CANON-0526	DATABASE LAYER	Genesis may require multiple storage technologies rather than one database.	DOMAIN-STORAGE	-	-	-	-	-	0	DISCOVERED	1.0.0	-	docs/specifications/source/genesis.txt:17479	2026-09-02	SECTION-526
CANON-0527	DATA OWNERSHIP	Every stored object records:	DOMAIN-GOVERNANCE	-	-	-	-	-	0	DISCOVERED	1.0.0	-	docs/specifications/source/genesis.txt:17500	2026-09-02	SECTION-527
CANON-0528	BACKUP ARCHITECTURE	Back up separately:	DOMAIN-IDENTITY	-	-	-	-	-	0	DISCOVERED	1.0.0	-	docs/specifications/source/genesis.txt:17517	2026-09-02	SECTION-528
CANON-0529	BACKUP VERIFICATION	A backup is not considered valid merely because copying succeeded.	DOMAIN-IDENTITY	-	-	-	-	-	0	DISCOVERED	1.0.0	-	docs/specifications/source/genesis.txt:17539	2026-09-02	SECTION-529
CANON-0530	CYBERSECURITY IS AN ORGAN SYSTEM	Create:	DOMAIN-ORGANISM	-	-	-	-	-	0	DISCOVERED	1.0.0	-	docs/specifications/source/genesis.txt:17556	2026-09-02	SECTION-530
CANON-0531	SECURITY DOMAINS	At minimum:	DOMAIN-SECURITY	-	-	-	-	-	0	DISCOVERED	1.0.0	-	docs/specifications/source/genesis.txt:17569	2026-09-02	SECTION-531
CANON-0532	CRYPTOGRAPHIC IDENTITY	Genesis eventually requires:	DOMAIN-IDENTITY	-	-	-	-	-	0	DISCOVERED	1.0.0	-	docs/specifications/source/genesis.txt:17591	2026-09-02	SECTION-532
CANON-0533	ENCRYPTION	Support appropriate use of:	DOMAIN-SECURITY	-	-	-	-	-	0	DISCOVERED	1.0.0	-	docs/specifications/source/genesis.txt:17610	2026-09-02	SECTION-533
CANON-0534	KEY CUSTODY	Keys require:	DOMAIN-SECURITY	-	-	-	-	-	0	DISCOVERED	1.0.0	-	docs/specifications/source/genesis.txt:17627	2026-09-02	SECTION-534
CANON-0535	SECRETS MANAGEMENT	Credentials must never be:	DOMAIN-GOVERNANCE	-	-	-	-	-	0	DISCOVERED	1.0.0	-	docs/specifications/source/genesis.txt:17646	2026-09-02	SECTION-535
CANON-0536	ZERO-TRUST INTERNAL PRINCIPLE	A module being inside Genesis does not automatically grant unlimited authority.	DOMAIN-GENETICS	-	-	-	-	-	0	DISCOVERED	1.0.0	-	docs/specifications/source/genesis.txt:17661	2026-09-02	SECTION-536
CANON-0537	PROCESS ISOLATION	Risky modules can operate:	DOMAIN-GOVERNANCE	-	-	-	-	-	0	DISCOVERED	1.0.0	-	docs/specifications/source/genesis.txt:17677	2026-09-02	SECTION-537
CANON-0538	VM SUPPORT	Genesis **does not require a VM** to operate.	DOMAIN-GOVERNANCE	-	-	-	-	-	0	DISCOVERED	1.0.0	-	docs/specifications/source/genesis.txt:17692	2026-09-02	SECTION-538
CANON-0539	VIRTUAL MACHINES ARE TEST TOOLS	Use VMs especially for:	DOMAIN-TOOLS	-	-	-	-	-	0	DISCOVERED	1.0.0	-	docs/specifications/source/genesis.txt:17716	2026-09-02	SECTION-539
CANON-0540	CONTAINER SUPPORT	Containers can isolate services and make builds reproducible.	DOMAIN-GOVERNANCE	-	-	-	-	-	0	DISCOVERED	1.0.0	-	docs/specifications/source/genesis.txt:17733	2026-09-02	SECTION-540
CANON-0541	SANDBOX SUPPORT	A lighter sandbox is appropriate for:	DOMAIN-GOVERNANCE	-	-	-	-	-	0	DISCOVERED	1.0.0	-	docs/specifications/source/genesis.txt:17741	2026-09-02	SECTION-541
CANON-0542	OPERATING-SYSTEM ABSTRACTION	Create:	DOMAIN-GOVERNANCE	-	-	-	-	-	0	DISCOVERED	1.0.0	-	docs/specifications/source/genesis.txt:17756	2026-09-02	SECTION-542
CANON-0543	DRIVER LAYER	Physical and virtual devices connect through:	DOMAIN-GOVERNANCE	-	-	-	-	-	0	DISCOVERED	1.0.0	-	docs/specifications/source/genesis.txt:17777	2026-09-02	SECTION-543
CANON-0544	DEVICE DISCOVERY	Genesis should discover available:	DOMAIN-EMBODIMENT	-	-	-	-	-	0	DISCOVERED	1.0.0	-	docs/specifications/source/genesis.txt:17796	2026-09-02	SECTION-544
CANON-0545	API ARCHITECTURE	Genesis needs versioned APIs for:	DOMAIN-NETWORK	-	-	-	-	-	0	DISCOVERED	1.0.0	-	docs/specifications/source/genesis.txt:17820	2026-09-02	SECTION-545
CANON-0546	API TYPES	Potential options include:	DOMAIN-NETWORK	-	-	-	-	-	0	DISCOVERED	1.0.0	-	docs/specifications/source/genesis.txt:17838	2026-09-02	SECTION-546
CANON-0547	SCHEMA-FIRST COMMUNICATION	All cross-process/network messages use versioned schemas.	DOMAIN-GOVERNANCE	-	-	-	-	-	0	DISCOVERED	1.0.0	-	docs/specifications/source/genesis.txt:17859	2026-09-02	SECTION-547
CANON-0548	SERIALIZATION	Evaluate formats such as:	DOMAIN-GOVERNANCE	-	-	-	-	-	0	DISCOVERED	1.0.0	-	docs/specifications/source/genesis.txt:17875	2026-09-02	SECTION-548
CANON-0549	DOMAIN / DNS LAYER	If Genesis gains web-facing services, it may use:	DOMAIN-GOVERNANCE	-	-	-	-	-	0	DISCOVERED	1.0.0	-	docs/specifications/source/genesis.txt:17892	2026-09-02	SECTION-549
CANON-0550	REMOTE ACCESS	Remote access must require explicit:	DOMAIN-NETWORK	-	-	-	-	-	0	DISCOVERED	1.0.0	-	docs/specifications/source/genesis.txt:17910	2026-09-02	SECTION-550
CANON-0551	USER INTERFACE LAYER	Potential Genesis interfaces:	DOMAIN-GOVERNANCE	-	-	-	-	-	0	DISCOVERED	1.0.0	-	docs/specifications/source/genesis.txt:17927	2026-09-02	SECTION-551
CANON-0552	UI ≠ BRAIN	Permanent invariant:	DOMAIN-COGNITION	-	-	-	-	-	0	DISCOVERED	1.0.0	-	docs/specifications/source/genesis.txt:17947	2026-09-02	SECTION-552
CANON-0553	IMPLEMENTATION LANGUAGE ARCHITECTURE	Genesis remains:	DOMAIN-PERCEPTION	-	-	-	-	-	0	DISCOVERED	1.0.0	-	docs/specifications/source/genesis.txt:17961	2026-09-02	SECTION-553
CANON-0554	C++ ROLE	C++ is preferred for:	DOMAIN-GOVERNANCE	-	-	-	-	-	0	DISCOVERED	1.0.0	-	docs/specifications/source/genesis.txt:17975	2026-09-02	SECTION-554
CANON-0555	C ROLE	C may be used for:	DOMAIN-GOVERNANCE	-	-	-	-	-	0	DISCOVERED	1.0.0	-	docs/specifications/source/genesis.txt:17997	2026-09-02	SECTION-555
CANON-0556	GPU COMPUTE LANGUAGES	Use appropriate acceleration layers such as:	DOMAIN-PERCEPTION	-	-	-	-	-	0	DISCOVERED	1.0.0	-	docs/specifications/source/genesis.txt:18012	2026-09-02	SECTION-556
CANON-0557	PYTHON ROLE	Python is permitted primarily for:	DOMAIN-GOVERNANCE	-	-	-	-	-	0	DISCOVERED	1.0.0	-	docs/specifications/source/genesis.txt:18030	2026-09-02	SECTION-557
CANON-0558	RUST ROLE	Rust is optional.	DOMAIN-GOVERNANCE	-	-	-	-	-	0	DISCOVERED	1.0.0	-	docs/specifications/source/genesis.txt:18060	2026-09-02	SECTION-558
CANON-0559	TYPESCRIPT / JAVASCRIPT ROLE	Primarily:	DOMAIN-GOVERNANCE	-	-	-	-	-	0	DISCOVERED	1.0.0	-	docs/specifications/source/genesis.txt:18079	2026-09-02	SECTION-559
CANON-0560	SQL	SQL is used where relational/transactional data is appropriate.	DOMAIN-GOVERNANCE	-	-	-	-	-	0	DISCOVERED	1.0.0	-	docs/specifications/source/genesis.txt:18095	2026-09-02	SECTION-560
CANON-0561	SHADER LANGUAGES	Rendering may use:	DOMAIN-PERCEPTION	-	-	-	-	-	0	DISCOVERED	1.0.0	-	docs/specifications/source/genesis.txt:18111	2026-09-02	SECTION-561
CANON-0562	WASM	WebAssembly may later provide portable sandboxed extensions.	DOMAIN-GOVERNANCE	-	-	-	-	-	0	DISCOVERED	1.0.0	-	docs/specifications/source/genesis.txt:18126	2026-09-02	SECTION-562
CANON-0563	BUILD SYSTEM	CMake remains the initial authoritative C++ build system unless evidence supports changing it.	DOMAIN-ENGINEERING	-	-	-	-	-	0	DISCOVERED	1.0.0	-	docs/specifications/source/genesis.txt:18142	2026-09-02	SECTION-563
CANON-0564	PACKAGE / DEPENDENCY MANAGEMENT	Every external dependency records:	DOMAIN-ENGINEERING	-	-	-	-	-	0	DISCOVERED	1.0.0	-	docs/specifications/source/genesis.txt:18159	2026-09-02	SECTION-564
CANON-0565	MINIMIZE DEPENDENCY SPRAWL	For each new dependency evaluate:	DOMAIN-ENGINEERING	-	-	-	-	-	0	DISCOVERED	1.0.0	-	docs/specifications/source/genesis.txt:18178	2026-09-02	SECTION-565
CANON-0566	PROGRAMMING LANGUAGE CAPABILITY ≠ IMPLEMENTATION LANGUAGE	Separate:	DOMAIN-PERCEPTION	-	-	-	-	-	0	DISCOVERED	1.0.0	-	docs/specifications/source/genesis.txt:18195	2026-09-02	SECTION-566
CANON-0567	HUMAN LANGUAGE CAPABILITY	Likewise:	DOMAIN-PERCEPTION	-	-	-	-	-	0	DISCOVERED	1.0.0	-	docs/specifications/source/genesis.txt:18231	2026-09-02	SECTION-567
CANON-0568	FORMAL LANGUAGES	Genesis should eventually understand:	DOMAIN-PERCEPTION	-	-	-	-	-	0	DISCOVERED	1.0.0	-	docs/specifications/source/genesis.txt:18246	2026-09-02	SECTION-568
CANON-0569	DEVELOPMENT TOOLCHAIN ORGAN	Create:	DOMAIN-ORGANISM	-	-	-	-	-	0	DISCOVERED	1.0.0	-	docs/specifications/source/genesis.txt:18264	2026-09-02	SECTION-569
CANON-0570	VERSION CONTROL	Git records source-development history.	DOMAIN-ENGINEERING	-	-	-	-	-	0	DISCOVERED	1.0.0	-	docs/specifications/source/genesis.txt:18291	2026-09-02	SECTION-570
CANON-0571	CI / AUTOMATED VERIFICATION	Every accepted change should be capable of automatically running:	DOMAIN-GOVERNANCE	-	-	-	-	-	0	DISCOVERED	1.0.0	-	docs/specifications/source/genesis.txt:18301	2026-09-02	SECTION-571
CANON-0572	OBSERVABILITY INFRASTRUCTURE	Implement:	DOMAIN-RUNTIME	-	-	-	-	-	0	DISCOVERED	1.0.0	-	docs/specifications/source/genesis.txt:18318	2026-09-02	SECTION-572
CANON-0573	DEBUG MODE	Genesis needs an engineering mode where developers can inspect:	DOMAIN-GOVERNANCE	-	-	-	-	-	0	DISCOVERED	1.0.0	-	docs/specifications/source/genesis.txt:18335	2026-09-02	SECTION-573
CANON-0574	RELEASE MODE	Release builds disable unnecessary debugging overhead while retaining required auditability.	DOMAIN-ENGINEERING	-	-	-	-	-	0	DISCOVERED	1.0.0	-	docs/specifications/source/genesis.txt:18354	2026-09-02	SECTION-574
CANON-0575	SIMULATION WORLD	Create:	DOMAIN-RESEARCH	-	-	-	-	-	0	DISCOVERED	1.0.0	-	docs/specifications/source/genesis.txt:18360	2026-09-02	SECTION-575
CANON-0576	VIRTUAL WORLD ≠ VM	Keep terminology clear.	DOMAIN-GOVERNANCE	-	-	-	-	-	0	DISCOVERED	1.0.0	-	docs/specifications/source/genesis.txt:18384	2026-09-02	SECTION-576
CANON-0577	VIRTUAL LABORATORY	Combine controlled simulators under:	DOMAIN-GOVERNANCE	-	-	-	-	-	0	DISCOVERED	1.0.0	-	docs/specifications/source/genesis.txt:18406	2026-09-02	SECTION-577
CANON-0578	EXPERIMENT DEFINITION	Every serious simulation experiment stores:	DOMAIN-RESEARCH	-	-	-	-	-	0	DISCOVERED	1.0.0	-	docs/specifications/source/genesis.txt:18432	2026-09-02	SECTION-578
CANON-0579	MODEL VALIDITY DOMAIN	Every simulator should explicitly know:	DOMAIN-COMPUTE	-	-	-	-	-	0	DISCOVERED	1.0.0	-	docs/specifications/source/genesis.txt:18457	2026-09-02	SECTION-579
CANON-0580	PUSHING A VIRTUAL DESIGN PAST CURRENT LIMITS	Genesis may deliberately alter simulated constraints.	DOMAIN-GOVERNANCE	-	-	-	-	-	0	DISCOVERED	1.0.0	-	docs/specifications/source/genesis.txt:18475	2026-09-02	SECTION-580
CANON-0581	AUTOMATED DESIGN EXPLORATION	Genesis may use:	DOMAIN-GOVERNANCE	-	-	-	-	-	0	DISCOVERED	1.0.0	-	docs/specifications/source/genesis.txt:18505	2026-09-02	SECTION-581
CANON-0582	CO-DESIGN	Genesis should eventually co-design:	DOMAIN-GOVERNANCE	-	-	-	-	-	0	DISCOVERED	1.0.0	-	docs/specifications/source/genesis.txt:18525	2026-09-02	SECTION-582
CANON-0583	SOFTWARE-DEFINED HARDWARE RESEARCH	Virtual experimental processors may initially exist entirely in software.	DOMAIN-EMBODIMENT	-	-	-	-	-	0	DISCOVERED	1.0.0	-	docs/specifications/source/genesis.txt:18550	2026-09-02	SECTION-583
CANON-0584	FPGA RESEARCH PATH	Add:	DOMAIN-RESEARCH	-	-	-	-	-	0	DISCOVERED	1.0.0	-	docs/specifications/source/genesis.txt:18567	2026-09-02	SECTION-584
CANON-0585	HARDWARE DESCRIPTION LANGUAGE SUPPORT	Genesis code intelligence should eventually understand:	DOMAIN-PERCEPTION	-	-	-	-	-	0	DISCOVERED	1.0.0	-	docs/specifications/source/genesis.txt:18589	2026-09-02	SECTION-585
CANON-0586	SMART DEVICE / IOT FABRIC	Create:	DOMAIN-EMBODIMENT	-	-	-	-	-	0	DISCOVERED	1.0.0	-	docs/specifications/source/genesis.txt:18604	2026-09-02	SECTION-586
CANON-0587	IOT SENSOR NORMALIZATION	Different hardware sensors feeding the same conceptual sense should normalize through common interfaces.	DOMAIN-PERCEPTION	-	-	-	-	-	0	DISCOVERED	1.0.0	-	docs/specifications/source/genesis.txt:18631	2026-09-02	SECTION-587
CANON-0588	DIGITAL SENSE EXPANSION	Genesis is not limited to biological senses.	DOMAIN-GOVERNANCE	-	-	-	-	-	0	DISCOVERED	1.0.0	-	docs/specifications/source/genesis.txt:18653	2026-09-02	SECTION-588
CANON-0589	HUMAN SENSES REMAIN THE INITIAL GROUNDING MODEL	Because the intended first embodiment is human-like, initial perception architecture should strongly support:	DOMAIN-COMPUTE	-	-	-	-	-	0	DISCOVERED	1.0.0	-	docs/specifications/source/genesis.txt:18678	2026-09-02	SECTION-589
CANON-0590	INPUT MODALITY REGISTRY	Every modality declares:	DOMAIN-ENGINEERING	-	-	-	-	-	0	DISCOVERED	1.0.0	-	docs/specifications/source/genesis.txt:18697	2026-09-02	SECTION-590
CANON-0591	MULTIMODAL FUSION	Brain must combine:	DOMAIN-PERCEPTION	-	-	-	-	-	0	DISCOVERED	1.0.0	-	docs/specifications/source/genesis.txt:18715	2026-09-02	SECTION-591
CANON-0592	SHARED CONCEPT SPACE	Example:	DOMAIN-GOVERNANCE	-	-	-	-	-	0	DISCOVERED	1.0.0	-	docs/specifications/source/genesis.txt:18734	2026-09-02	SECTION-592
CANON-0593	SENSOR ABSENCE	Genesis may understand a modality without currently possessing the sensor.	DOMAIN-PERCEPTION	-	-	-	-	-	0	DISCOVERED	1.0.0	-	docs/specifications/source/genesis.txt:18753	2026-09-02	SECTION-593
CANON-0594	UNIFIED GENESIS INSTALLATION	The product may ultimately be distributed as one Genesis installation containing:	DOMAIN-ENGINEERING	-	-	-	-	-	0	DISCOVERED	1.0.0	-	docs/specifications/source/genesis.txt:18776	2026-09-02	SECTION-594
CANON-0595	STARTUP MANAGER	Create:	DOMAIN-GOVERNANCE	-	-	-	-	-	0	DISCOVERED	1.0.0	-	docs/specifications/source/genesis.txt:18799	2026-09-02	SECTION-595
CANON-0596	BOOT SEQUENCE	Conceptually:	DOMAIN-GOVERNANCE	-	-	-	-	-	0	DISCOVERED	1.0.0	-	docs/specifications/source/genesis.txt:18812	2026-09-02	SECTION-596
CANON-0597	DEGRADED BOOT	If a nonessential organ fails:	DOMAIN-GOVERNANCE	-	-	-	-	-	0	DISCOVERED	1.0.0	-	docs/specifications/source/genesis.txt:18850	2026-09-02	SECTION-597
CANON-0598	ESSENTIAL ORGAN CLASSIFICATION	Components classify as:	DOMAIN-ORGANISM	-	-	-	-	-	0	DISCOVERED	1.0.0	-	docs/specifications/source/genesis.txt:18867	2026-09-02	SECTION-598
CANON-0599	UPDATE SYSTEM	Updates must support:	DOMAIN-GOVERNANCE	-	-	-	-	-	0	DISCOVERED	1.0.0	-	docs/specifications/source/genesis.txt:18882	2026-09-02	SECTION-599
CANON-0600	FIRMWARE UPDATE INTELLIGENCE	For physical devices Genesis may discover:	DOMAIN-COGNITION	-	-	-	-	-	0	DISCOVERED	1.0.0	-	docs/specifications/source/genesis.txt:18903	2026-09-02	SECTION-600
CANON-0601	INFRASTRUCTURE KNOWLEDGE	Genesis should eventually understand its own:	DOMAIN-GOVERNANCE	-	-	-	-	-	0	DISCOVERED	1.0.0	-	docs/specifications/source/genesis.txt:18917	2026-09-02	SECTION-601
CANON-0602	MACHINE SELF-MAP	Genesis should be capable of answering:	DOMAIN-GOVERNANCE	-	-	-	-	-	0	DISCOVERED	1.0.0	-	docs/specifications/source/genesis.txt:18939	2026-09-02	SECTION-602
CANON-0603	PHYSICAL/VIRTUAL PROVENANCE	Every hardware-dependent result declares:	DOMAIN-ENGINEERING	-	-	-	-	-	0	DISCOVERED	1.0.0	-	docs/specifications/source/genesis.txt:18967	2026-09-02	SECTION-603
CANON-0604	COMPUTE EXPERIENCE PROVENANCE	Example:	DOMAIN-ENGINEERING	-	-	-	-	-	0	DISCOVERED	1.0.0	-	docs/specifications/source/genesis.txt:18981	2026-09-02	SECTION-604
CANON-0605	RESEARCH CAN IMPROVE THE ORGANISM	If Genesis discovers an improved:	DOMAIN-ORGANISM	-	-	-	-	-	0	DISCOVERED	1.0.0	-	docs/specifications/source/genesis.txt:18999	2026-09-02	SECTION-605
CANON-0606	UNIFIED DESIGN PRINCIPLE	Genesis should increasingly resemble:	DOMAIN-GOVERNANCE	-	-	-	-	-	0	DISCOVERED	1.0.0	-	docs/specifications/source/genesis.txt:19018	2026-09-02	SECTION-606
CANON-0607	ONE IDENTITY ACROSS DIFFERENT COMPUTE SUBSTRATES	Genesis's identity must not depend upon:	DOMAIN-IDENTITY	-	-	-	-	-	0	DISCOVERED	1.0.0	-	docs/specifications/source/genesis.txt:19054	2026-09-02	SECTION-607
CANON-0608	BRAIN COMPUTE SUBSTRATE	Conceptually:	DOMAIN-COGNITION	-	-	-	-	-	0	DISCOVERED	1.0.0	-	docs/specifications/source/genesis.txt:19072	2026-09-02	SECTION-608
CANON-0609	DO NOT LET EXPERIMENTAL HARDWARE BLOCK THE PROJECT	Genesis must boot and learn on conventional hardware first.	DOMAIN-EMBODIMENT	-	-	-	-	-	0	DISCOVERED	1.0.0	-	docs/specifications/source/genesis.txt:19097	2026-09-02	SECTION-609
CANON-0610	FUTURE HARDWARE MAY ACCELERATE EXISTING ORGANS	If superior hardware appears later:	DOMAIN-ORGANISM	-	-	-	-	-	0	DISCOVERED	1.0.0	-	docs/specifications/source/genesis.txt:19121	2026-09-02	SECTION-610
CANON-0611	INFRASTRUCTURE ANATOMY	The complete Genesis architecture now contains four major engineering layers:	DOMAIN-ORGANISM	-	-	-	-	-	0	DISCOVERED	1.0.0	-	docs/specifications/source/genesis.txt:19135	2026-09-02	SECTION-611
CANON-0612	FIFTH LAYER — ENVIRONMENT	Add explicitly:	DOMAIN-GOVERNANCE	-	-	-	-	-	0	DISCOVERED	1.0.0	-	docs/specifications/source/genesis.txt:19158	2026-09-02	SECTION-612
CANON-0613	SIXTH LAYER — DEVELOPMENT TOOLING	Add:	DOMAIN-DEVELOPMENT	-	-	-	-	-	0	DISCOVERED	1.0.0	-	docs/specifications/source/genesis.txt:19181	2026-09-02	SECTION-613
CANON-0614	SEVENTH LAYER — INFORMATION / KNOWLEDGE INFRASTRUCTURE	Add:	DOMAIN-RUNTIME	-	-	-	-	-	0	DISCOVERED	1.0.0	-	docs/specifications/source/genesis.txt:19210	2026-09-02	SECTION-614
CANON-0615	EIGHTH LAYER — RELATIONAL / SOCIAL INFRASTRUCTURE	Add:	DOMAIN-AFFECT-SOCIAL	-	-	-	-	-	0	DISCOVERED	1.0.0	-	docs/specifications/source/genesis.txt:19237	2026-09-02	SECTION-615
CANON-0616	ARCHITECTURE COMPLETENESS QUESTION	Before claiming the top-level architecture is complete, Genesis must cover:	DOMAIN-GOVERNANCE	-	-	-	-	-	0	DISCOVERED	1.0.0	-	docs/specifications/source/genesis.txt:19260	2026-09-02	SECTION-616
CANON-0617	CURRENT ARCHITECTURAL GAP — WHOLE DIGITAL BRAIN	After these additions, the **largest remaining architecture gap is no longer the body or infrastructure**.	DOMAIN-COGNITION	-	-	-	-	-	0	DISCOVERED	1.0.0	-	docs/specifications/source/genesis.txt:19291	2026-09-02	SECTION-617
CANON-0618	NEXT DOCUMENT — WHOLE DIGITAL BRAIN	The next specification must answer:	DOMAIN-COGNITION	-	-	-	-	-	0	DISCOVERED	1.0.0	-	docs/specifications/source/genesis.txt:19305	2026-09-02	SECTION-618
CANON-0619	NEXT CODEX REGISTRY ADDITIONS	During Foundation/Phase A, add requirements for:	DOMAIN-ENGINEERING	-	-	-	-	-	0	DISCOVERED	1.0.0	-	docs/specifications/source/genesis.txt:19358	2026-09-02	SECTION-619
CANON-0620	IMPLEMENTATION LANGUAGE REGISTRY	Create:	DOMAIN-PERCEPTION	-	-	-	-	-	0	DISCOVERED	1.0.0	-	docs/specifications/source/genesis.txt:19397	2026-09-02	SECTION-620
CANON-0621	DO NOT CREATE A POLYGLOT MESS	A module should not introduce another language unless it provides:	DOMAIN-GOVERNANCE	-	-	-	-	-	0	DISCOVERED	1.0.0	-	docs/specifications/source/genesis.txt:19426	2026-09-02	SECTION-621
CANON-0622	C++ REMAINS THE NATIVE CENTRE	The architectural intention remains:	DOMAIN-GOVERNANCE	-	-	-	-	-	0	DISCOVERED	1.0.0	-	docs/specifications/source/genesis.txt:19443	2026-09-02	SECTION-622
CANON-0623	VIRTUAL-FIRST, PHYSICAL-CAPABLE	Genesis overall engineering philosophy:	DOMAIN-GOVERNANCE	-	-	-	-	-	0	DISCOVERED	1.0.0	-	docs/specifications/source/genesis.txt:19457	2026-09-02	SECTION-623
CANON-0624	THIS APPLIES TO THE BODY TOO	Example:	DOMAIN-EMBODIMENT	-	-	-	-	-	0	DISCOVERED	1.0.0	-	docs/specifications/source/genesis.txt:19483	2026-09-02	SECTION-624
CANON-0625	THIS APPLIES TO COMPUTE HARDWARE	Example:	DOMAIN-EMBODIMENT	-	-	-	-	-	0	DISCOVERED	1.0.0	-	docs/specifications/source/genesis.txt:19508	2026-09-02	SECTION-625
CANON-0626	THIS APPLIES TO FUTURE UNKNOWN TECHNOLOGY	The hardware ABI must allow:	DOMAIN-RUNTIME	-	-	-	-	-	0	DISCOVERED	1.0.0	-	docs/specifications/source/genesis.txt:19530	2026-09-02	SECTION-626
CANON-0627	FINAL UNIFICATION PRINCIPLE	Do not conceptualize Genesis as:	DOMAIN-GOVERNANCE	-	-	-	-	-	0	DISCOVERED	1.0.0	-	docs/specifications/source/genesis.txt:19544	2026-09-02	SECTION-627
CANON-0628	ORGANISM ANALOGY	A human has:	DOMAIN-ORGANISM	-	-	-	-	-	0	DISCOVERED	1.0.0	-	docs/specifications/source/genesis.txt:19572	2026-09-02	SECTION-628
CANON-0629	NEXT ARCHITECTURAL PRIORITY	After this addendum is ingested, stop expanding infrastructure unless the missing-systems audit identifies a genuinely absent top-level layer.	DOMAIN-GOVERNANCE	-	-	-	-	-	0	DISCOVERED	1.0.0	-	docs/specifications/source/genesis.txt:19612	2026-09-02	SECTION-629
CANON-0630	PURPOSE	The existing Genesis specification describes a very large intended organism.	DOMAIN-GOVERNANCE	-	-	-	-	-	0	DISCOVERED	1.0.0	-	docs/specifications/source/genesis.txt:19651	2026-09-02	SECTION-630
CANON-0631	FOUR ARCHITECTURAL AXES	Do not organize Genesis only as folders.	DOMAIN-GOVERNANCE	-	-	-	-	-	0	DISCOVERED	1.0.0	-	docs/specifications/source/genesis.txt:19679	2026-09-02	SECTION-631
CANON-0632	FIVE FUNDAMENTAL LAYERS	Enforce an explicit separation:	DOMAIN-GOVERNANCE	-	-	-	-	-	0	DISCOVERED	1.0.0	-	docs/specifications/source/genesis.txt:19722	2026-09-02	SECTION-632
CANON-0633	IDENTITY MUST BE SUBSTRATE-INDEPENDENT	Never encode:	DOMAIN-IDENTITY	-	-	-	-	-	0	DISCOVERED	1.0.0	-	docs/specifications/source/genesis.txt:19747	2026-09-02	SECTION-633
CANON-0634	COGNITIVE SUBSTRATE MUST BE REPLACEABLE	Genesis may eventually change from:	DOMAIN-COGNITION	-	-	-	-	-	0	DISCOVERED	1.0.0	-	docs/specifications/source/genesis.txt:19774	2026-09-02	SECTION-634
CANON-0635	MODEL ARCHITECTURE REGISTRY	Create:	DOMAIN-ENGINEERING	-	-	-	-	-	0	DISCOVERED	1.0.0	-	docs/specifications/source/genesis.txt:19804	2026-09-02	SECTION-635
CANON-0636	GENESIS MUST NOT BECOME “ONE LLM”	Explicit invariant:	DOMAIN-COMPUTE	-	-	-	-	-	0	DISCOVERED	1.0.0	-	docs/specifications/source/genesis.txt:19834	2026-09-02	SECTION-636
CANON-0637	NATIVE MODEL DEVELOPMENT PIPELINE	Because the long-term objective is Genesis-native cognition, create:	DOMAIN-DEVELOPMENT	-	-	-	-	-	0	DISCOVERED	1.0.0	-	docs/specifications/source/genesis.txt:19863	2026-09-02	SECTION-637
CANON-0638	TRAINING AND INFERENCE ARE SEPARATE SYSTEMS	Define:	DOMAIN-GOVERNANCE	-	-	-	-	-	0	DISCOVERED	1.0.0	-	docs/specifications/source/genesis.txt:19891	2026-09-02	SECTION-638
CANON-0639	DATASET REGISTRY	Every training dataset needs:	DOMAIN-ENGINEERING	-	-	-	-	-	0	DISCOVERED	1.0.0	-	docs/specifications/source/genesis.txt:19911	2026-09-02	SECTION-639
CANON-0640	DATA CONTAMINATION TRACKING	Record whether benchmark/test material has entered training.	DOMAIN-GOVERNANCE	-	-	-	-	-	0	DISCOVERED	1.0.0	-	docs/specifications/source/genesis.txt:19935	2026-09-02	SECTION-640
CANON-0641	KNOWLEDGE DOES NOT HAVE TO LIVE IN WEIGHTS	Genesis can distribute knowledge between:	DOMAIN-GOVERNANCE	-	-	-	-	-	0	DISCOVERED	1.0.0	-	docs/specifications/source/genesis.txt:19949	2026-09-02	SECTION-641
CANON-0642	MEMORY ADDRESSING	Every persistent memory needs a permanent ID.	DOMAIN-MEMORY	-	-	-	-	-	0	DISCOVERED	1.0.0	-	docs/specifications/source/genesis.txt:19968	2026-09-02	SECTION-642
CANON-0643	MEMORY NAMESPACE	Separate namespaces for:	DOMAIN-MEMORY	-	-	-	-	-	0	DISCOVERED	1.0.0	-	docs/specifications/source/genesis.txt:19992	2026-09-02	SECTION-643
CANON-0644	IMMUTABLE EVENT + MUTABLE INTERPRETATION	Important distinction:	DOMAIN-RUNTIME	-	-	-	-	-	0	DISCOVERED	1.0.0	-	docs/specifications/source/genesis.txt:20014	2026-09-02	SECTION-644
CANON-0645	CONCEPT FORMATION ENGINE	This is a major brain improvement.	DOMAIN-GOVERNANCE	-	-	-	-	-	0	DISCOVERED	1.0.0	-	docs/specifications/source/genesis.txt:20043	2026-09-02	SECTION-645
CANON-0646	MULTIMODAL CONCEPT GROUNDING	One concept can connect:	DOMAIN-PERCEPTION	-	-	-	-	-	0	DISCOVERED	1.0.0	-	docs/specifications/source/genesis.txt:20075	2026-09-02	SECTION-646
CANON-0647	PRE-LANGUAGE COGNITION	A critical improvement:	DOMAIN-COGNITION	-	-	-	-	-	0	DISCOVERED	1.0.0	-	docs/specifications/source/genesis.txt:20101	2026-09-02	SECTION-647
CANON-0648	THOUGHT REPRESENTATION	Define an internal `ThoughtFrame`.	DOMAIN-COGNITION	-	-	-	-	-	0	DISCOVERED	1.0.0	-	docs/specifications/source/genesis.txt:20127	2026-09-02	SECTION-648
CANON-0649	THOUGHT LIFECYCLE	TRIGGER	DOMAIN-COGNITION	-	-	-	-	-	0	DISCOVERED	1.0.0	-	docs/specifications/source/genesis.txt:20152	2026-09-02	SECTION-649
CANON-0650	ATTENTION COMPETITION	Previously attention was named but underspecified.	DOMAIN-COGNITION	-	-	-	-	-	0	DISCOVERED	1.0.0	-	docs/specifications/source/genesis.txt:20176	2026-09-02	SECTION-650
CANON-0651	INHIBITION	Thinking requires suppression as well as activation.	DOMAIN-GOVERNANCE	-	-	-	-	-	0	DISCOVERED	1.0.0	-	docs/specifications/source/genesis.txt:20199	2026-09-02	SECTION-651
CANON-0652	COGNITIVE LOOP DETECTION	Detect repeated cycles such as:	DOMAIN-COGNITION	-	-	-	-	-	0	DISCOVERED	1.0.0	-	docs/specifications/source/genesis.txt:20215	2026-09-02	SECTION-652
CANON-0653	INTENTION FORMATION	This was previously too thin.	DOMAIN-GOVERNANCE	-	-	-	-	-	0	DISCOVERED	1.0.0	-	docs/specifications/source/genesis.txt:20241	2026-09-02	SECTION-653
CANON-0654	INTENTION PERSISTENCE	An intention survives interruptions where appropriate.	DOMAIN-GOVERNANCE	-	-	-	-	-	0	DISCOVERED	1.0.0	-	docs/specifications/source/genesis.txt:20278	2026-09-02	SECTION-654
CANON-0655	PREDICTIVE PROCESSING	Genesis continuously predicts.	DOMAIN-GOVERNANCE	-	-	-	-	-	0	DISCOVERED	1.0.0	-	docs/specifications/source/genesis.txt:20299	2026-09-02	SECTION-655
CANON-0656	CREDIT ASSIGNMENT	Genesis needs to identify **what caused an outcome**.	DOMAIN-GOVERNANCE	-	-	-	-	-	0	DISCOVERED	1.0.0	-	docs/specifications/source/genesis.txt:20325	2026-09-02	SECTION-656
CANON-0657	INTERNAL SIMULATION BEFORE ACTION	For significant actions:	DOMAIN-GENETICS	-	-	-	-	-	0	DISCOVERED	1.0.0	-	docs/specifications/source/genesis.txt:20344	2026-09-02	SECTION-657
CANON-0658	COUNTERFACTUAL LEARNING	Genesis should ask:	DOMAIN-DEVELOPMENT	-	-	-	-	-	0	DISCOVERED	1.0.0	-	docs/specifications/source/genesis.txt:20364	2026-09-02	SECTION-658
CANON-0659	UNCERTAINTY PROPAGATION	If input confidence is low, downstream certainty should normally reflect that.	DOMAIN-GOVERNANCE	-	-	-	-	-	0	DISCOVERED	1.0.0	-	docs/specifications/source/genesis.txt:20377	2026-09-02	SECTION-659
CANON-0660	CALIBRATION ENGINE	Track whether confidence corresponds to reality.	DOMAIN-GOVERNANCE	-	-	-	-	-	0	DISCOVERED	1.0.0	-	docs/specifications/source/genesis.txt:20393	2026-09-02	SECTION-660
CANON-0661	COGNITIVE RESOURCE ECONOMY	Every thought does not deserve maximum compute.	DOMAIN-COGNITION	-	-	-	-	-	0	DISCOVERED	1.0.0	-	docs/specifications/source/genesis.txt:20409	2026-09-02	SECTION-661
CANON-0662	ADAPTIVE COMPUTE	A simple question should not wake:	DOMAIN-GOVERNANCE	-	-	-	-	-	0	DISCOVERED	1.0.0	-	docs/specifications/source/genesis.txt:20429	2026-09-02	SECTION-662
CANON-0663	INTERNAL BRAIN BUS	Separate from the generic infrastructure event bus.	DOMAIN-GENETICS	-	-	-	-	-	0	DISCOVERED	1.0.0	-	docs/specifications/source/genesis.txt:20446	2026-09-02	SECTION-663
CANON-0664	COGNITIVE TIMESTAMPING	Brain events require ordering precise enough to analyze:	DOMAIN-COGNITION	-	-	-	-	-	0	DISCOVERED	1.0.0	-	docs/specifications/source/genesis.txt:20476	2026-09-02	SECTION-664
CANON-0665	COGNITIVE TRACE	For debugging/testing, record a bounded causal trace:	DOMAIN-COGNITION	-	-	-	-	-	0	DISCOVERED	1.0.0	-	docs/specifications/source/genesis.txt:20489	2026-09-02	SECTION-665
CANON-0666	PLASTICITY TYPES	Do not implement only one “learning rate.”	DOMAIN-GOVERNANCE	-	-	-	-	-	0	DISCOVERED	1.0.0	-	docs/specifications/source/genesis.txt:20506	2026-09-02	SECTION-666
CANON-0667	PLASTICITY BUDGET	Unrestricted learning risks instability.	DOMAIN-GOVERNANCE	-	-	-	-	-	0	DISCOVERED	1.0.0	-	docs/specifications/source/genesis.txt:20524	2026-09-02	SECTION-667
CANON-0668	STABILITY–PLASTICITY BALANCE	Permanent problem:	DOMAIN-GOVERNANCE	-	-	-	-	-	0	DISCOVERED	1.0.0	-	docs/specifications/source/genesis.txt:20540	2026-09-02	SECTION-668
CANON-0669	DEVELOPMENTAL CRITICAL PERIODS	Some systems may temporarily receive higher plasticity during development.	DOMAIN-DEVELOPMENT	-	-	-	-	-	0	DISCOVERED	1.0.0	-	docs/specifications/source/genesis.txt:20554	2026-09-02	SECTION-669
CANON-0670	BRAIN REGION INTERFACE STANDARD	Every cognitive organ declares:	DOMAIN-COGNITION	-	-	-	-	-	0	DISCOVERED	1.0.0	-	docs/specifications/source/genesis.txt:20571	2026-09-02	SECTION-670
CANON-0671	NO MAGICAL CENTRAL EXECUTIVE	Avoid a single function:	DOMAIN-GOVERNANCE	-	-	-	-	-	0	DISCOVERED	1.0.0	-	docs/specifications/source/genesis.txt:20592	2026-09-02	SECTION-671
CANON-0672	HOWEVER — COORDINATION IS REQUIRED	Avoid the opposite failure:	DOMAIN-GOVERNANCE	-	-	-	-	-	0	DISCOVERED	1.0.0	-	docs/specifications/source/genesis.txt:20617	2026-09-02	SECTION-672
CANON-0673	GLOBAL WORKSPACE CAPACITY	The central active workspace is deliberately limited.	DOMAIN-COGNITION	-	-	-	-	-	0	DISCOVERED	1.0.0	-	docs/specifications/source/genesis.txt:20631	2026-09-02	SECTION-673
CANON-0674	BACKGROUND COGNITION	Large portions of processing operate outside the active workspace.	DOMAIN-COGNITION	-	-	-	-	-	0	DISCOVERED	1.0.0	-	docs/specifications/source/genesis.txt:20650	2026-09-02	SECTION-674
CANON-0675	EVENT SALIENCE	A background discovery can request foreground attention.	DOMAIN-RUNTIME	-	-	-	-	-	0	DISCOVERED	1.0.0	-	docs/specifications/source/genesis.txt:20670	2026-09-02	SECTION-675
CANON-0676	ERROR OWNERSHIP	Every failure should identify which subsystem produced it when possible.	DOMAIN-GOVERNANCE	-	-	-	-	-	0	DISCOVERED	1.0.0	-	docs/specifications/source/genesis.txt:20682	2026-09-02	SECTION-676
CANON-0677	BLAST-RADIUS MODEL	Every module declares:	DOMAIN-COMPUTE	-	-	-	-	-	0	DISCOVERED	1.0.0	-	docs/specifications/source/genesis.txt:20701	2026-09-02	SECTION-677
CANON-0678	FAILURE CONTAINMENT	Subsystem failure should remain local whenever possible.	DOMAIN-GOVERNANCE	-	-	-	-	-	0	DISCOVERED	1.0.0	-	docs/specifications/source/genesis.txt:20714	2026-09-02	SECTION-678
CANON-0679	WATCHDOG ARCHITECTURE	Independent lightweight watchdogs monitor:	DOMAIN-EMBODIMENT	-	-	-	-	-	0	DISCOVERED	1.0.0	-	docs/specifications/source/genesis.txt:20737	2026-09-02	SECTION-679
CANON-0680	DEADLOCK DETECTION	Because Genesis will become heavily concurrent, specifically test:	DOMAIN-GOVERNANCE	-	-	-	-	-	0	DISCOVERED	1.0.0	-	docs/specifications/source/genesis.txt:20755	2026-09-02	SECTION-680
CANON-0681	CONCURRENCY MODEL	Define before the system grows.	DOMAIN-COMPUTE	-	-	-	-	-	0	DISCOVERED	1.0.0	-	docs/specifications/source/genesis.txt:20769	2026-09-02	SECTION-681
CANON-0682	CENTRAL SCHEDULER POLICY	Scheduler manages:	DOMAIN-RUNTIME	-	-	-	-	-	0	DISCOVERED	1.0.0	-	docs/specifications/source/genesis.txt:20789	2026-09-02	SECTION-682
CANON-0683	REAL-TIME CLASSIFICATION	Tasks declare:	DOMAIN-RUNTIME	-	-	-	-	-	0	DISCOVERED	1.0.0	-	docs/specifications/source/genesis.txt:20809	2026-09-02	SECTION-683
CANON-0684	LATENCY BUDGETS	Examples requiring explicit budgets:	DOMAIN-GOVERNANCE	-	-	-	-	-	0	DISCOVERED	1.0.0	-	docs/specifications/source/genesis.txt:20826	2026-09-02	SECTION-684
CANON-0685	CAPACITY PLANNING	Record expected scaling:	DOMAIN-AFFECT-SOCIAL	-	-	-	-	-	0	DISCOVERED	1.0.0	-	docs/specifications/source/genesis.txt:20844	2026-09-02	SECTION-685
CANON-0686	DATA LIFECYCLE	Every data class needs:	DOMAIN-GOVERNANCE	-	-	-	-	-	0	DISCOVERED	1.0.0	-	docs/specifications/source/genesis.txt:20865	2026-09-02	SECTION-686
CANON-0687	STORAGE PRESSURE POLICY	When storage approaches limits:	DOMAIN-MEMORY	-	-	-	-	-	0	DISCOVERED	1.0.0	-	docs/specifications/source/genesis.txt:20883	2026-09-02	SECTION-687
CANON-0688	DATA MIGRATION	Every schema change requires:	DOMAIN-STORAGE	-	-	-	-	-	0	DISCOVERED	1.0.0	-	docs/specifications/source/genesis.txt:20900	2026-09-02	SECTION-688
CANON-0689	FORMAT VERSIONING	Every persistent artifact includes:	DOMAIN-ENGINEERING	-	-	-	-	-	0	DISCOVERED	1.0.0	-	docs/specifications/source/genesis.txt:20915	2026-09-02	SECTION-689
CANON-0690	SNAPSHOT CONSISTENCY	A valid organism snapshot must represent a mutually consistent set of:	DOMAIN-STORAGE	-	-	-	-	-	0	DISCOVERED	1.0.0	-	docs/specifications/source/genesis.txt:20927	2026-09-02	SECTION-690
CANON-0691	TRANSACTIONAL SNAPSHOT	Use:	DOMAIN-RUNTIME	-	-	-	-	-	0	DISCOVERED	1.0.0	-	docs/specifications/source/genesis.txt:20946	2026-09-02	SECTION-691
CANON-0692	RESTORE VALIDATION	After restore:	DOMAIN-GOVERNANCE	-	-	-	-	-	0	DISCOVERED	1.0.0	-	docs/specifications/source/genesis.txt:20961	2026-09-02	SECTION-692
CANON-0693	SOFTWARE SUPPLY-CHAIN SECURITY	Every dependency, model and dataset should eventually have:	DOMAIN-SECURITY	-	-	-	-	-	0	DISCOVERED	1.0.0	-	docs/specifications/source/genesis.txt:20979	2026-09-02	SECTION-693
CANON-0694	SBOM	Generate a Software Bill of Materials.	DOMAIN-GOVERNANCE	-	-	-	-	-	0	DISCOVERED	1.0.0	-	docs/specifications/source/genesis.txt:20995	2026-09-02	SECTION-694
CANON-0695	MODEL BILL OF MATERIALS	Maintain an equivalent inventory for AI models:	DOMAIN-COMPUTE	-	-	-	-	-	0	DISCOVERED	1.0.0	-	docs/specifications/source/genesis.txt:21012	2026-09-02	SECTION-695
CANON-0696	DATA BILL OF MATERIALS	Likewise track major datasets.	DOMAIN-GOVERNANCE	-	-	-	-	-	0	DISCOVERED	1.0.0	-	docs/specifications/source/genesis.txt:21029	2026-09-02	SECTION-696
CANON-0697	THREAT MODEL	Before security implementation, document threats including:	DOMAIN-SECURITY	-	-	-	-	-	0	DISCOVERED	1.0.0	-	docs/specifications/source/genesis.txt:21037	2026-09-02	SECTION-697
CANON-0698	INSTRUCTION-INJECTION DEFENCE	Because Genesis will research the web, documents must never automatically become commands.	DOMAIN-GOVERNANCE	-	-	-	-	-	0	DISCOVERED	1.0.0	-	docs/specifications/source/genesis.txt:21059	2026-09-02	SECTION-698
CANON-0699	DATA-POISONING DEFENCE	Research/training ingestion must identify:	DOMAIN-GOVERNANCE	-	-	-	-	-	0	DISCOVERED	1.0.0	-	docs/specifications/source/genesis.txt:21075	2026-09-02	SECTION-699
CANON-0700	TOOL AUTHORITY	Each tool declares permissions independently.	DOMAIN-SECURITY	-	-	-	-	-	0	DISCOVERED	1.0.0	-	docs/specifications/source/genesis.txt:21090	2026-09-02	SECTION-700
CANON-0701	LEAST PRIVILEGE	Specialist agents receive only capabilities needed for their assignment.	DOMAIN-GOVERNANCE	-	-	-	-	-	0	DISCOVERED	1.0.0	-	docs/specifications/source/genesis.txt:21111	2026-09-02	SECTION-701
CANON-0702	PRIVILEGE EXPIRY	Temporary authority expires when a task ends.	DOMAIN-GOVERNANCE	-	-	-	-	-	0	DISCOVERED	1.0.0	-	docs/specifications/source/genesis.txt:21117	2026-09-02	SECTION-702
CANON-0703	NETWORK SEGMENTATION	Separate where useful:	DOMAIN-NETWORK	-	-	-	-	-	0	DISCOVERED	1.0.0	-	docs/specifications/source/genesis.txt:21123	2026-09-02	SECTION-703
CANON-0704	PUBLIC REPOSITORY MODE	While Genesis remains publicly visible, explicitly configure:	DOMAIN-GOVERNANCE	-	-	-	-	-	0	DISCOVERED	1.0.0	-	docs/specifications/source/genesis.txt:21139	2026-09-02	SECTION-704
CANON-0705	REPOSITORY LICENSE	Add a deliberate license immediately.	DOMAIN-ENGINEERING	-	-	-	-	-	0	DISCOVERED	1.0.0	-	docs/specifications/source/genesis.txt:21157	2026-09-02	SECTION-705
CANON-0706	CONTRIBUTIONS	Do not silently accept third-party code into proprietary Genesis.	DOMAIN-GOVERNANCE	-	-	-	-	-	0	DISCOVERED	1.0.0	-	docs/specifications/source/genesis.txt:21173	2026-09-02	SECTION-706
CANON-0707	BRANCH PROTECTION	Protect the authoritative branch.	DOMAIN-GOVERNANCE	-	-	-	-	-	0	DISCOVERED	1.0.0	-	docs/specifications/source/genesis.txt:21192	2026-09-02	SECTION-707
CANON-0708	AI-GENERATED CHANGE POLICY	Every AI-generated patch must still satisfy:	DOMAIN-GOVERNANCE	-	-	-	-	-	0	DISCOVERED	1.0.0	-	docs/specifications/source/genesis.txt:21212	2026-09-02	SECTION-708
CANON-0709	NO WHOLE-REPOSITORY REWRITE	Codex/Copilot/other AI must never respond to a small request by rebuilding unrelated architecture unless explicitly authorized.	DOMAIN-GOVERNANCE	-	-	-	-	-	0	DISCOVERED	1.0.0	-	docs/specifications/source/genesis.txt:21229	2026-09-02	SECTION-709
CANON-0710	CHANGE BUDGET	For each task define:	DOMAIN-GOVERNANCE	-	-	-	-	-	0	DISCOVERED	1.0.0	-	docs/specifications/source/genesis.txt:21235	2026-09-02	SECTION-710
CANON-0711	SEMANTIC DIFF	A code change must be inspected for:	DOMAIN-GOVERNANCE	-	-	-	-	-	0	DISCOVERED	1.0.0	-	docs/specifications/source/genesis.txt:21249	2026-09-02	SECTION-711
CANON-0712	ARCHITECTURE DECISION RECORDS	Create:	DOMAIN-GOVERNANCE	-	-	-	-	-	0	DISCOVERED	1.0.0	-	docs/specifications/source/genesis.txt:21264	2026-09-02	SECTION-712
CANON-0713	EXPERIMENT RECORDS ≠ ADRs	Distinguish:	DOMAIN-RESEARCH	-	-	-	-	-	0	DISCOVERED	1.0.0	-	docs/specifications/source/genesis.txt:21286	2026-09-02	SECTION-713
CANON-0714	DEPRECATION POLICY	Never silently delete an established organ.	DOMAIN-GOVERNANCE	-	-	-	-	-	0	DISCOVERED	1.0.0	-	docs/specifications/source/genesis.txt:21300	2026-09-02	SECTION-714
CANON-0715	COMPATIBILITY MATRIX	Maintain compatibility between:	DOMAIN-ENGINEERING	-	-	-	-	-	0	DISCOVERED	1.0.0	-	docs/specifications/source/genesis.txt:21318	2026-09-02	SECTION-715
CANON-0716	FEATURE FLAGS	Experimental systems can exist behind explicit flags.	DOMAIN-GOVERNANCE	-	-	-	-	-	0	DISCOVERED	1.0.0	-	docs/specifications/source/genesis.txt:21334	2026-09-02	SECTION-716
CANON-0717	CONFIGURATION LAYERS	Separate:	DOMAIN-GOVERNANCE	-	-	-	-	-	0	DISCOVERED	1.0.0	-	docs/specifications/source/genesis.txt:21350	2026-09-02	SECTION-717
CANON-0718	CONFIG IS NOT IDENTITY	Changing a setting must not mutate identity fields.	DOMAIN-IDENTITY	-	-	-	-	-	0	DISCOVERED	1.0.0	-	docs/specifications/source/genesis.txt:21365	2026-09-02	SECTION-718
CANON-0719	SECRET CONFIG IS SEPARATE	Do not mix API keys, passwords or private certificates with normal configuration.	DOMAIN-GOVERNANCE	-	-	-	-	-	0	DISCOVERED	1.0.0	-	docs/specifications/source/genesis.txt:21371	2026-09-02	SECTION-719
CANON-0720	ENVIRONMENT PROFILES	Genesis may boot into:	DOMAIN-GOVERNANCE	-	-	-	-	-	0	DISCOVERED	1.0.0	-	docs/specifications/source/genesis.txt:21377	2026-09-02	SECTION-720
CANON-0721	TEST PYRAMID	Genesis requires:	DOMAIN-ENGINEERING	-	-	-	-	-	0	DISCOVERED	1.0.0	-	docs/specifications/source/genesis.txt:21394	2026-09-02	SECTION-721
CANON-0722	SOAK TESTING	Eventually run Genesis continuously for:	DOMAIN-ENGINEERING	-	-	-	-	-	0	DISCOVERED	1.0.0	-	docs/specifications/source/genesis.txt:21414	2026-09-02	SECTION-722
CANON-0723	CHAOS TESTING	Deliberately inject:	DOMAIN-ENGINEERING	-	-	-	-	-	0	DISCOVERED	1.0.0	-	docs/specifications/source/genesis.txt:21437	2026-09-02	SECTION-723
CANON-0724	DIFFERENTIAL TESTING	When replacing implementation A with B:	DOMAIN-ENGINEERING	-	-	-	-	-	0	DISCOVERED	1.0.0	-	docs/specifications/source/genesis.txt:21455	2026-09-02	SECTION-724
CANON-0725	PROPERTY-BASED TESTING	Some invariants should be tested over automatically generated cases.	DOMAIN-ENGINEERING	-	-	-	-	-	0	DISCOVERED	1.0.0	-	docs/specifications/source/genesis.txt:21469	2026-09-02	SECTION-725
CANON-0726	FUZZ TESTING	Use fuzzing particularly for:	DOMAIN-ENGINEERING	-	-	-	-	-	0	DISCOVERED	1.0.0	-	docs/specifications/source/genesis.txt:21483	2026-09-02	SECTION-726
CANON-0727	SANITIZERS	Development builds should support:	DOMAIN-GOVERNANCE	-	-	-	-	-	0	DISCOVERED	1.0.0	-	docs/specifications/source/genesis.txt:21497	2026-09-02	SECTION-727
CANON-0728	STATIC ANALYSIS	Integrate C++ static analysis.	DOMAIN-GOVERNANCE	-	-	-	-	-	0	DISCOVERED	1.0.0	-	docs/specifications/source/genesis.txt:21511	2026-09-02	SECTION-728
CANON-0729	FORMAL METHODS	Use formal verification selectively for high-value invariants such as:	DOMAIN-GOVERNANCE	-	-	-	-	-	0	DISCOVERED	1.0.0	-	docs/specifications/source/genesis.txt:21519	2026-09-02	SECTION-729
CANON-0730	PERFORMANCE BASELINE	Before optimization, record baseline.	DOMAIN-GOVERNANCE	-	-	-	-	-	0	DISCOVERED	1.0.0	-	docs/specifications/source/genesis.txt:21537	2026-09-02	SECTION-730
CANON-0731	PERFORMANCE HISTORY	Track metrics over commits.	DOMAIN-GOVERNANCE	-	-	-	-	-	0	DISCOVERED	1.0.0	-	docs/specifications/source/genesis.txt:21551	2026-09-02	SECTION-731
CANON-0732	HARDWARE-SPECIFIC BENCHMARKING	Performance claims record:	DOMAIN-EMBODIMENT	-	-	-	-	-	0	DISCOVERED	1.0.0	-	docs/specifications/source/genesis.txt:21559	2026-09-02	SECTION-732
CANON-0733	QUALITY SCORE MUST HAVE EVIDENCE	A score such as:	DOMAIN-ENGINEERING	-	-	-	-	-	0	DISCOVERED	1.0.0	-	docs/specifications/source/genesis.txt:21574	2026-09-02	SECTION-733
CANON-0734	SCORE AGGREGATION	Do not blindly average all dimensions.	DOMAIN-ENGINEERING	-	-	-	-	-	0	DISCOVERED	1.0.0	-	docs/specifications/source/genesis.txt:21588	2026-09-02	SECTION-734
CANON-0735	CRITICAL-DIMENSION GATES	Each organ defines minimum acceptable dimensions.	DOMAIN-GOVERNANCE	-	-	-	-	-	0	DISCOVERED	1.0.0	-	docs/specifications/source/genesis.txt:21611	2026-09-02	SECTION-735
CANON-0736	EXPLAINABILITY THROUGH STATE	Genesis should be inspectable because its architecture preserves:	DOMAIN-RUNTIME	-	-	-	-	-	0	DISCOVERED	1.0.0	-	docs/specifications/source/genesis.txt:21627	2026-09-02	SECTION-736
CANON-0737	GENERATED EXPLANATION ≠ TRUE CAUSAL TRACE	If a model says:	DOMAIN-GOVERNANCE	-	-	-	-	-	0	DISCOVERED	1.0.0	-	docs/specifications/source/genesis.txt:21644	2026-09-02	SECTION-737
CANON-0738	PRIVACY ARCHITECTURE	Classify data:	DOMAIN-SECURITY	-	-	-	-	-	0	DISCOVERED	1.0.0	-	docs/specifications/source/genesis.txt:21656	2026-09-02	SECTION-738
CANON-0739	CREATOR PRIVACY	The creator model can become extremely personal.	DOMAIN-SECURITY	-	-	-	-	-	0	DISCOVERED	1.0.0	-	docs/specifications/source/genesis.txt:21673	2026-09-02	SECTION-739
CANON-0740	FORGET / DELETE MECHANISM	Where data can legitimately be deleted:	DOMAIN-MEMORY	-	-	-	-	-	0	DISCOVERED	1.0.0	-	docs/specifications/source/genesis.txt:21681	2026-09-02	SECTION-740
CANON-0741	EXPORT	Genesis should eventually support controlled export of:	DOMAIN-GOVERNANCE	-	-	-	-	-	0	DISCOVERED	1.0.0	-	docs/specifications/source/genesis.txt:21701	2026-09-02	SECTION-741
CANON-0742	PORTABILITY	The organism must be migratable.	DOMAIN-GOVERNANCE	-	-	-	-	-	0	DISCOVERED	1.0.0	-	docs/specifications/source/genesis.txt:21717	2026-09-02	SECTION-742
CANON-0743	HARDWARE MIGRATION LEARNING	Moving to new hardware may change:	DOMAIN-DEVELOPMENT	-	-	-	-	-	0	DISCOVERED	1.0.0	-	docs/specifications/source/genesis.txt:21739	2026-09-02	SECTION-743
CANON-0744	ENERGY AWARENESS	Even on desktop hardware track approximate compute/energy cost where possible.	DOMAIN-RUNTIME	-	-	-	-	-	0	DISCOVERED	1.0.0	-	docs/specifications/source/genesis.txt:21754	2026-09-02	SECTION-744
CANON-0745	THERMAL AWARENESS	Sustained cognition must adapt to thermal limitations.	DOMAIN-PERCEPTION	-	-	-	-	-	0	DISCOVERED	1.0.0	-	docs/specifications/source/genesis.txt:21762	2026-09-02	SECTION-745
CANON-0746	CLOCK / TIME SERVICE	All organs must obtain time from a controlled service rather than inventing their own conventions.	DOMAIN-RUNTIME	-	-	-	-	-	0	DISCOVERED	1.0.0	-	docs/specifications/source/genesis.txt:21776	2026-09-02	SECTION-746
CANON-0747	SIMULATION TIME	A virtual world may operate:	DOMAIN-RUNTIME	-	-	-	-	-	0	DISCOVERED	1.0.0	-	docs/specifications/source/genesis.txt:21791	2026-09-02	SECTION-747
CANON-0748	TIME PROVENANCE	A memory records which clock established its timestamp.	DOMAIN-RUNTIME	-	-	-	-	-	0	DISCOVERED	1.0.0	-	docs/specifications/source/genesis.txt:21807	2026-09-02	SECTION-748
CANON-0749	DETERMINISTIC REPLAY	Where possible:	DOMAIN-DEVELOPMENT	-	-	-	-	-	0	DISCOVERED	1.0.0	-	docs/specifications/source/genesis.txt:21813	2026-09-02	SECTION-749
CANON-0750	NONDETERMINISM ACCOUNTING	Nondeterministic components explicitly declare it.	DOMAIN-GOVERNANCE	-	-	-	-	-	0	DISCOVERED	1.0.0	-	docs/specifications/source/genesis.txt:21829	2026-09-02	SECTION-750
CANON-0751	SIMULATION / REALITY BOUNDARY	Genesis must always know whether current input came from:	DOMAIN-RESEARCH	-	-	-	-	-	0	DISCOVERED	1.0.0	-	docs/specifications/source/genesis.txt:21845	2026-09-02	SECTION-751
CANON-0752	HARDWARE / WORLD SANDBOX	Before physical execution, high-impact actions can run through:	DOMAIN-EMBODIMENT	-	-	-	-	-	0	DISCOVERED	1.0.0	-	docs/specifications/source/genesis.txt:21859	2026-09-02	SECTION-752
CANON-0753	INTERNAL DEVELOPMENT ENVIRONMENT	Genesis eventually needs a dedicated internal workspace where candidate code/models can be created without modifying its live body.	DOMAIN-GENETICS	-	-	-	-	-	0	DISCOVERED	1.0.0	-	docs/specifications/source/genesis.txt:21871	2026-09-02	SECTION-753
CANON-0754	SELF-IMPROVEMENT HAS TWO IDENTITIES	Distinguish:	DOMAIN-GOVERNANCE	-	-	-	-	-	0	DISCOVERED	1.0.0	-	docs/specifications/source/genesis.txt:21890	2026-09-02	SECTION-754
CANON-0755	ROLLBACK IS NOT TIME TRAVEL	Rollback restores known state.	DOMAIN-RUNTIME	-	-	-	-	-	0	DISCOVERED	1.0.0	-	docs/specifications/source/genesis.txt:21910	2026-09-02	SECTION-755
CANON-0756	RESEARCH PRIORITIZATION	Genesis cannot investigate everything simultaneously.	DOMAIN-RESEARCH	-	-	-	-	-	0	DISCOVERED	1.0.0	-	docs/specifications/source/genesis.txt:21920	2026-09-02	SECTION-756
CANON-0757	EXPLORATION / EXPLOITATION BALANCE	Balance:	DOMAIN-GOVERNANCE	-	-	-	-	-	0	DISCOVERED	1.0.0	-	docs/specifications/source/genesis.txt:21938	2026-09-02	SECTION-757
CANON-0758	OBSOLESCENCE WATCHER	Monitor whether dependencies or models become:	DOMAIN-EMBODIMENT	-	-	-	-	-	0	DISCOVERED	1.0.0	-	docs/specifications/source/genesis.txt:21954	2026-09-02	SECTION-758
CANON-0759	PATENT / PRIOR-ART WATCHER	When Genesis proposes a potentially novel design:	DOMAIN-EMBODIMENT	-	-	-	-	-	0	DISCOVERED	1.0.0	-	docs/specifications/source/genesis.txt:21968	2026-09-02	SECTION-759
CANON-0760	IP PROVENANCE	Every candidate contribution should eventually distinguish:	DOMAIN-ENGINEERING	-	-	-	-	-	0	DISCOVERED	1.0.0	-	docs/specifications/source/genesis.txt:21983	2026-09-02	SECTION-760
CANON-0761	AI ASSISTANCE DOES NOT REMOVE PROVENANCE	If several AIs assist:	DOMAIN-ENGINEERING	-	-	-	-	-	0	DISCOVERED	1.0.0	-	docs/specifications/source/genesis.txt:22000	2026-09-02	SECTION-761
CANON-0762	MASTER ARCHITECTURE GRAPH	Replace the mental image of folders with a machine-readable graph containing:	DOMAIN-GOVERNANCE	-	-	-	-	-	0	DISCOVERED	1.0.0	-	docs/specifications/source/genesis.txt:22017	2026-09-02	SECTION-762
CANON-0763	AUTOMATED IMPACT ANALYSIS	Before modifying component X, query:	DOMAIN-GOVERNANCE	-	-	-	-	-	0	DISCOVERED	1.0.0	-	docs/specifications/source/genesis.txt:22037	2026-09-02	SECTION-763
CANON-0764	REQUIREMENT COVERAGE	Every requirement receives:	DOMAIN-MEMORY	-	-	-	-	-	0	DISCOVERED	1.0.0	-	docs/specifications/source/genesis.txt:22053	2026-09-02	SECTION-764
CANON-0765	TEST COVERAGE ≠ REQUIREMENT COVERAGE	100% line coverage does not mean the architecture is complete.	DOMAIN-MEMORY	-	-	-	-	-	0	DISCOVERED	1.0.0	-	docs/specifications/source/genesis.txt:22067	2026-09-02	SECTION-765
CANON-0766	SPECIFICATION COVERAGE AUDIT	Run automatically:	DOMAIN-MEMORY	-	-	-	-	-	0	DISCOVERED	1.0.0	-	docs/specifications/source/genesis.txt:22075	2026-09-02	SECTION-766
CANON-0767	CONVERSATION INGEST AUDIT	When importing our design conversations:	DOMAIN-GOVERNANCE	-	-	-	-	-	0	DISCOVERED	1.0.0	-	docs/specifications/source/genesis.txt:22091	2026-09-02	SECTION-767
CANON-0768	CONTRADICTION AUDIT	Detect specification conflicts such as:	DOMAIN-GOVERNANCE	-	-	-	-	-	0	DISCOVERED	1.0.0	-	docs/specifications/source/genesis.txt:22107	2026-09-02	SECTION-768
CANON-0769	DUPLICATE CONCEPT AUDIT	Detect where different names represent the same thing.	DOMAIN-GOVERNANCE	-	-	-	-	-	0	DISCOVERED	1.0.0	-	docs/specifications/source/genesis.txt:22120	2026-09-02	SECTION-769
CANON-0770	ANALOGY REGISTRY	Because Genesis uses biological metaphors, create an explicit map:	DOMAIN-RUNTIME	-	-	-	-	-	0	DISCOVERED	1.0.0	-	docs/specifications/source/genesis.txt:22146	2026-09-02	SECTION-770
CANON-0771	NO DUPLICATE ORGAN CREATED BECAUSE OF METAPHOR	If:	DOMAIN-ORGANISM	-	-	-	-	-	0	DISCOVERED	1.0.0	-	docs/specifications/source/genesis.txt:22169	2026-09-02	SECTION-771
CANON-0772	CANONICAL TERMINOLOGY	Every concept gets:	DOMAIN-RUNTIME	-	-	-	-	-	0	DISCOVERED	1.0.0	-	docs/specifications/source/genesis.txt:22187	2026-09-02	SECTION-772
CANON-0773	BIOLOGICAL FIDELITY MUST BE PURPOSEFUL	For each biological feature ask:	DOMAIN-RUNTIME	-	-	-	-	-	0	DISCOVERED	1.0.0	-	docs/specifications/source/genesis.txt:22211	2026-09-02	SECTION-773
CANON-0774	THREE BIOLOGY CATEGORIES	Classify biological analogues:	DOMAIN-RUNTIME	-	-	-	-	-	0	DISCOVERED	1.0.0	-	docs/specifications/source/genesis.txt:22233	2026-09-02	SECTION-774
CANON-0775	BRAIN FIDELITY CAN VARY BY REGION	Example:	DOMAIN-COGNITION	-	-	-	-	-	0	DISCOVERED	1.0.0	-	docs/specifications/source/genesis.txt:22247	2026-09-02	SECTION-775
CANON-0776	COMPUTE COST MUST FOLLOW VALUE	A biologically detailed simulation that performs worse than a simpler system should not automatically win because it looks more human.	DOMAIN-AFFECT-SOCIAL	-	-	-	-	-	0	DISCOVERED	1.0.0	-	docs/specifications/source/genesis.txt:22266	2026-09-02	SECTION-776
CANON-0777	EMERGENT-BEHAVIOR LOG	When Genesis does something unexpected but legitimate:	DOMAIN-RUNTIME	-	-	-	-	-	0	DISCOVERED	1.0.0	-	docs/specifications/source/genesis.txt:22274	2026-09-02	SECTION-777
CANON-0778	NOVELTY DOES NOT EQUAL IMPROVEMENT	Every new behaviour or architecture must still pass tests.	DOMAIN-GOVERNANCE	-	-	-	-	-	0	DISCOVERED	1.0.0	-	docs/specifications/source/genesis.txt:22290	2026-09-02	SECTION-778
CANON-0779	PERSONAL CONTINUITY BENCHMARK	Eventually test whether Genesis preserves:	DOMAIN-IDENTITY	-	-	-	-	-	0	DISCOVERED	1.0.0	-	docs/specifications/source/genesis.txt:22296	2026-09-02	SECTION-779
CANON-0780	COGNITIVE REGRESSION BENCHMARK	Every brain upgrade reruns a stable core capability suite.	DOMAIN-COGNITION	-	-	-	-	-	0	DISCOVERED	1.0.0	-	docs/specifications/source/genesis.txt:22313	2026-09-02	SECTION-780
CANON-0781	DEVELOPMENTAL REGRESSION	A mature Genesis should not accidentally revert to immature behaviour after retraining.	DOMAIN-DEVELOPMENT	-	-	-	-	-	0	DISCOVERED	1.0.0	-	docs/specifications/source/genesis.txt:22331	2026-09-02	SECTION-781
CANON-0782	SOCIAL CONSISTENCY	Relationship history must survive model changes.	DOMAIN-AFFECT-SOCIAL	-	-	-	-	-	0	DISCOVERED	1.0.0	-	docs/specifications/source/genesis.txt:22339	2026-09-02	SECTION-782
CANON-0783	COGNITIVE STATE CHECKPOINTS	Long-running thought/research can checkpoint:	DOMAIN-COGNITION	-	-	-	-	-	0	DISCOVERED	1.0.0	-	docs/specifications/source/genesis.txt:22347	2026-09-02	SECTION-783
CANON-0784	TASK MEMORY ≠ AUTOBIOGRAPHICAL MEMORY	A temporary compiler job does not need to become a lifelong autobiographical memory.	DOMAIN-MEMORY	-	-	-	-	-	0	DISCOVERED	1.0.0	-	docs/specifications/source/genesis.txt:22363	2026-09-02	SECTION-784
CANON-0785	SIGNIFICANCE ENGINE	Estimate:	DOMAIN-GOVERNANCE	-	-	-	-	-	0	DISCOVERED	1.0.0	-	docs/specifications/source/genesis.txt:22371	2026-09-02	SECTION-785
CANON-0786	REPETITION IS NOT AUTOMATIC IMPORTANCE	Repeated spam should not become highly important merely because it occurred often.	DOMAIN-GOVERNANCE	-	-	-	-	-	0	DISCOVERED	1.0.0	-	docs/specifications/source/genesis.txt:22388	2026-09-02	SECTION-786
CANON-0787	INFORMATION DENSITY	Compress repeated experiences into summaries while preserving exceptional cases.	DOMAIN-GOVERNANCE	-	-	-	-	-	0	DISCOVERED	1.0.0	-	docs/specifications/source/genesis.txt:22394	2026-09-02	SECTION-787
CANON-0788	RAW DATA RETENTION	Raw sensory data can be extremely large.	DOMAIN-GOVERNANCE	-	-	-	-	-	0	DISCOVERED	1.0.0	-	docs/specifications/source/genesis.txt:22400	2026-09-02	SECTION-788
CANON-0789	SENSOR PRIVACY	Camera/microphone data receives special privacy rules.	DOMAIN-PERCEPTION	-	-	-	-	-	0	DISCOVERED	1.0.0	-	docs/specifications/source/genesis.txt:22419	2026-09-02	SECTION-789
CANON-0790	EMBODIMENT PERMISSION	Physical shell capabilities require explicit capability/authority relationships.	DOMAIN-SECURITY	-	-	-	-	-	0	DISCOVERED	1.0.0	-	docs/specifications/source/genesis.txt:22427	2026-09-02	SECTION-790
CANON-0791	SIM-TO-REAL TRANSFER BENCHMARK	When a skill learned virtually moves to physical hardware:	DOMAIN-ENGINEERING	-	-	-	-	-	0	DISCOVERED	1.0.0	-	docs/specifications/source/genesis.txt:22445	2026-09-02	SECTION-791
CANON-0792	REAL-TO-SIM UPDATE	Physical experience feeds simulator calibration.	DOMAIN-GOVERNANCE	-	-	-	-	-	0	DISCOVERED	1.0.0	-	docs/specifications/source/genesis.txt:22459	2026-09-02	SECTION-792
CANON-0793	VIRTUAL HARDWARE CONFIDENCE	A simulator maintains confidence by subsystem.	DOMAIN-EMBODIMENT	-	-	-	-	-	0	DISCOVERED	1.0.0	-	docs/specifications/source/genesis.txt:22475	2026-09-02	SECTION-793
CANON-0794	MODEL UNCERTAINTY	Virtual future hardware may produce an output plus:	DOMAIN-COMPUTE	-	-	-	-	-	0	DISCOVERED	1.0.0	-	docs/specifications/source/genesis.txt:22492	2026-09-02	SECTION-794
CANON-0795	DIGITAL EXPERIMENT SCIENCE	Every simulator should be treated as an experimental scientific instrument.	DOMAIN-RESEARCH	-	-	-	-	-	0	DISCOVERED	1.0.0	-	docs/specifications/source/genesis.txt:22504	2026-09-02	SECTION-795
CANON-0796	RELEASE PACKAGING	Eventually define:	DOMAIN-ENGINEERING	-	-	-	-	-	0	DISCOVERED	1.0.0	-	docs/specifications/source/genesis.txt:22522	2026-09-02	SECTION-796
CANON-0797	PROGRAM FILES ≠ ORGANISM STATE	Permanent separation:	DOMAIN-ORGANISM	-	-	-	-	-	0	DISCOVERED	1.0.0	-	docs/specifications/source/genesis.txt:22539	2026-09-02	SECTION-797
CANON-0798	USER DATA DIRECTORY	Persistent state resides in explicitly managed data locations separate from source/build files.	DOMAIN-GOVERNANCE	-	-	-	-	-	0	DISCOVERED	1.0.0	-	docs/specifications/source/genesis.txt:22557	2026-09-02	SECTION-798
CANON-0799	LARGE MODEL STORAGE	Weights and large datasets do not belong in normal Git history.	DOMAIN-MEMORY	-	-	-	-	-	0	DISCOVERED	1.0.0	-	docs/specifications/source/genesis.txt:22563	2026-09-02	SECTION-799
CANON-0800	GIT REPOSITORY PURPOSE	The Genesis repository contains:	DOMAIN-GOVERNANCE	-	-	-	-	-	0	DISCOVERED	1.0.0	-	docs/specifications/source/genesis.txt:22580	2026-09-02	SECTION-800
CANON-0801	PUBLIC REPOSITORY SECRET SCANNING	While the repository remains public, automatically scan commits for:	DOMAIN-GOVERNANCE	-	-	-	-	-	0	DISCOVERED	1.0.0	-	docs/specifications/source/genesis.txt:22599	2026-09-02	SECTION-801
CANON-0802	PUBLIC REPOSITORY LARGE-FILE CHECK	Prevent accidental commits of:	DOMAIN-GOVERNANCE	-	-	-	-	-	0	DISCOVERED	1.0.0	-	docs/specifications/source/genesis.txt:22616	2026-09-02	SECTION-802
CANON-0803	SECURITY POLICY DOCUMENT	Add:	DOMAIN-SECURITY	-	-	-	-	-	0	DISCOVERED	1.0.0	-	docs/specifications/source/genesis.txt:22631	2026-09-02	SECTION-803
CANON-0804	COPYRIGHT HEADER POLICY	Decide whether source files need a consistent copyright notice.	DOMAIN-GOVERNANCE	-	-	-	-	-	0	DISCOVERED	1.0.0	-	docs/specifications/source/genesis.txt:22643	2026-09-02	SECTION-804
CANON-0805	ARCHITECTURE VERSION	Introduce:	DOMAIN-ENGINEERING	-	-	-	-	-	0	DISCOVERED	1.0.0	-	docs/specifications/source/genesis.txt:22651	2026-09-02	SECTION-805
CANON-0806	SEMANTIC VERSIONING OF CONTRACTS	Stable public/internal ABIs should use versioning sufficient to detect incompatible changes.	DOMAIN-ENGINEERING	-	-	-	-	-	0	DISCOVERED	1.0.0	-	docs/specifications/source/genesis.txt:22673	2026-09-02	SECTION-806
CANON-0807	EXPERIMENTAL API	Experimental interfaces need not promise permanent compatibility.	DOMAIN-NETWORK	-	-	-	-	-	0	DISCOVERED	1.0.0	-	docs/specifications/source/genesis.txt:22679	2026-09-02	SECTION-807
CANON-0808	CORE ABI	Once a core organ interface becomes stable, breaking it requires migration.	DOMAIN-GOVERNANCE	-	-	-	-	-	0	DISCOVERED	1.0.0	-	docs/specifications/source/genesis.txt:22687	2026-09-02	SECTION-808
CANON-0809	BUILD MANIFEST	Every build records:	DOMAIN-ENGINEERING	-	-	-	-	-	0	DISCOVERED	1.0.0	-	docs/specifications/source/genesis.txt:22693	2026-09-02	SECTION-809
CANON-0810	REPRODUCIBLE BUILD TARGET	Aim toward deterministic/reproducible builds where practical.	DOMAIN-GENETICS	-	-	-	-	-	0	DISCOVERED	1.0.0	-	docs/specifications/source/genesis.txt:22709	2026-09-02	SECTION-810
CANON-0811	DEVELOPMENT MACHINE PROFILE	Record local development hardware automatically.	DOMAIN-DEVELOPMENT	-	-	-	-	-	0	DISCOVERED	1.0.0	-	docs/specifications/source/genesis.txt:22715	2026-09-02	SECTION-811
CANON-0812	MINIMUM PROFILE	Eventually define:	DOMAIN-GOVERNANCE	-	-	-	-	-	0	DISCOVERED	1.0.0	-	docs/specifications/source/genesis.txt:22723	2026-09-02	SECTION-812
CANON-0813	STANDARD PROFILE	Define:	DOMAIN-GOVERNANCE	-	-	-	-	-	0	DISCOVERED	1.0.0	-	docs/specifications/source/genesis.txt:22735	2026-09-02	SECTION-813
CANON-0814	RESEARCH PROFILE	Define:	DOMAIN-RESEARCH	-	-	-	-	-	0	DISCOVERED	1.0.0	-	docs/specifications/source/genesis.txt:22747	2026-09-02	SECTION-814
CANON-0815	DISTRIBUTED PROFILE	Define:	DOMAIN-NETWORK	-	-	-	-	-	0	DISCOVERED	1.0.0	-	docs/specifications/source/genesis.txt:22759	2026-09-02	SECTION-815
CANON-0816	PROFILE DOES NOT CHANGE IDENTITY	Running a smaller profile may reduce active capability but does not create another individual.	DOMAIN-IDENTITY	-	-	-	-	-	0	DISCOVERED	1.0.0	-	docs/specifications/source/genesis.txt:22771	2026-09-02	SECTION-816
CANON-0817	COGNITIVE DEGRADATION AWARENESS	If resources force systems offline, Genesis should know:	DOMAIN-COGNITION	-	-	-	-	-	0	DISCOVERED	1.0.0	-	docs/specifications/source/genesis.txt:22777	2026-09-02	SECTION-817
CANON-0818	CAPABILITY NEGOTIATION	Before a task:	DOMAIN-GOVERNANCE	-	-	-	-	-	0	DISCOVERED	1.0.0	-	docs/specifications/source/genesis.txt:22789	2026-09-02	SECTION-818
CANON-0819	GRACEFUL FEATURE LOADING	Optional heavy organs can load on demand.	DOMAIN-GOVERNANCE	-	-	-	-	-	0	DISCOVERED	1.0.0	-	docs/specifications/source/genesis.txt:22803	2026-09-02	SECTION-819
CANON-0820	ORGAN HIBERNATION	Inactive specialist organs may serialize state and release resources.	DOMAIN-GENETICS	-	-	-	-	-	0	DISCOVERED	1.0.0	-	docs/specifications/source/genesis.txt:22809	2026-09-02	SECTION-820
CANON-0821	HOT / WARM / COLD STATE	Classify state:	DOMAIN-RUNTIME	-	-	-	-	-	0	DISCOVERED	1.0.0	-	docs/specifications/source/genesis.txt:22815	2026-09-02	SECTION-821
CANON-0822	RESEARCH SOURCE CACHE	Public research can be cached with:	DOMAIN-RESEARCH	-	-	-	-	-	0	DISCOVERED	1.0.0	-	docs/specifications/source/genesis.txt:22834	2026-09-02	SECTION-822
CANON-0823	OFFLINE OPERATION	Genesis should retain:	DOMAIN-NETWORK	-	-	-	-	-	0	DISCOVERED	1.0.0	-	docs/specifications/source/genesis.txt:22849	2026-09-02	SECTION-823
CANON-0824	NETWORK RECONNECTION	After reconnecting:	DOMAIN-NETWORK	-	-	-	-	-	0	DISCOVERED	1.0.0	-	docs/specifications/source/genesis.txt:22866	2026-09-02	SECTION-824
CANON-0825	SYNC CONFLICTS	Do not simply use:	DOMAIN-NETWORK	-	-	-	-	-	0	DISCOVERED	1.0.0	-	docs/specifications/source/genesis.txt:22882	2026-09-02	SECTION-825
CANON-0826	WHOLE-ORGANISM HEALTH DASHBOARD	Internally derive:	DOMAIN-ORGANISM	-	-	-	-	-	0	DISCOVERED	1.0.0	-	docs/specifications/source/genesis.txt:22896	2026-09-02	SECTION-826
CANON-0827	NO SINGLE “AI HEALTH” NUMBER	A summary score may exist for display, but detailed vectors remain authoritative.	DOMAIN-GOVERNANCE	-	-	-	-	-	0	DISCOVERED	1.0.0	-	docs/specifications/source/genesis.txt:22914	2026-09-02	SECTION-827
CANON-0828	ARCHITECTURAL FITNESS	Every proposed design should be evaluated on:	DOMAIN-GOVERNANCE	-	-	-	-	-	0	DISCOVERED	1.0.0	-	docs/specifications/source/genesis.txt:22920	2026-09-02	SECTION-828
CANON-0829	SIMPLICITY IS A FITNESS DIMENSION	If two systems perform equivalently, prefer the one with lower complexity unless another measurable requirement justifies it.	DOMAIN-GOVERNANCE	-	-	-	-	-	0	DISCOVERED	1.0.0	-	docs/specifications/source/genesis.txt:22939	2026-09-02	SECTION-829
CANON-0830	COMPLEXITY BUDGET	Every new organ has an architectural cost.	DOMAIN-GOVERNANCE	-	-	-	-	-	0	DISCOVERED	1.0.0	-	docs/specifications/source/genesis.txt:22945	2026-09-02	SECTION-830
CANON-0831	FEATURE DUPLICATION	Before adding a subsystem ask:	DOMAIN-GOVERNANCE	-	-	-	-	-	0	DISCOVERED	1.0.0	-	docs/specifications/source/genesis.txt:22961	2026-09-02	SECTION-831
CANON-0832	ARCHITECTURE LINTER	Create an automated tool eventually checking:	DOMAIN-GOVERNANCE	-	-	-	-	-	0	DISCOVERED	1.0.0	-	docs/specifications/source/genesis.txt:22981	2026-09-02	SECTION-832
CANON-0833	CODE-TO-REQUIREMENT TRACEABILITY	Important classes/modules should reference the requirement IDs they implement.	DOMAIN-ENGINEERING	-	-	-	-	-	0	DISCOVERED	1.0.0	-	docs/specifications/source/genesis.txt:22997	2026-09-02	SECTION-833
CANON-0834	REQUIREMENT-TO-CODE TRACEABILITY	The registry should answer:	DOMAIN-ENGINEERING	-	-	-	-	-	0	DISCOVERED	1.0.0	-	docs/specifications/source/genesis.txt:23005	2026-09-02	SECTION-834
CANON-0835	REQUIREMENT-TO-TEST TRACEABILITY	Also:	DOMAIN-ENGINEERING	-	-	-	-	-	0	DISCOVERED	1.0.0	-	docs/specifications/source/genesis.txt:23015	2026-09-02	SECTION-835
CANON-0836	REQUIREMENT-TO-BENCHMARK TRACEABILITY	And:	DOMAIN-ENGINEERING	-	-	-	-	-	0	DISCOVERED	1.0.0	-	docs/specifications/source/genesis.txt:23025	2026-09-02	SECTION-836
CANON-0837	EVIDENCE-BASED STATUS AUTOMATION	Where possible, calculate status from evidence.	DOMAIN-TOOLS	-	-	-	-	-	0	DISCOVERED	1.0.0	-	docs/specifications/source/genesis.txt:23035	2026-09-02	SECTION-837
CANON-0838	STATUS MUST NEVER MOVE BACKWARD SILENTLY	Regression may change:	DOMAIN-GOVERNANCE	-	-	-	-	-	0	DISCOVERED	1.0.0	-	docs/specifications/source/genesis.txt:23059	2026-09-02	SECTION-838
CANON-0839	REGRESSION STATE	Add:	DOMAIN-RUNTIME	-	-	-	-	-	0	DISCOVERED	1.0.0	-	docs/specifications/source/genesis.txt:23075	2026-09-02	SECTION-839
CANON-0840	REQUIREMENT HISTORY	Store:	DOMAIN-ENGINEERING	-	-	-	-	-	0	DISCOVERED	1.0.0	-	docs/specifications/source/genesis.txt:23089	2026-09-02	SECTION-840
CANON-0841	DEFINITION OF DONE	Each implementation task must define done **before coding**.	DOMAIN-GOVERNANCE	-	-	-	-	-	0	DISCOVERED	1.0.0	-	docs/specifications/source/genesis.txt:23102	2026-09-02	SECTION-841
CANON-0842	NO “IMPLEMENT EVERYTHING”	Codex must never receive:	DOMAIN-GOVERNANCE	-	-	-	-	-	0	DISCOVERED	1.0.0	-	docs/specifications/source/genesis.txt:23122	2026-09-02	SECTION-842
CANON-0843	CODEX SESSION BUDGET	Every Codex task should specify:	DOMAIN-NETWORK	-	-	-	-	-	0	DISCOVERED	1.0.0	-	docs/specifications/source/genesis.txt:23142	2026-09-02	SECTION-843
CANON-0844	CODEX STOP CONDITION	Mandatory:	DOMAIN-GOVERNANCE	-	-	-	-	-	0	DISCOVERED	1.0.0	-	docs/specifications/source/genesis.txt:23159	2026-09-02	SECTION-844
CANON-0845	CODEX DISCOVERY LIMIT	If Codex encounters an unrelated problem:	DOMAIN-GOVERNANCE	-	-	-	-	-	0	DISCOVERED	1.0.0	-	docs/specifications/source/genesis.txt:23167	2026-09-02	SECTION-845
CANON-0846	HUMAN REVIEW CHECKPOINT	Major architectural changes require creator review before proceeding to the next phase.	DOMAIN-GOVERNANCE	-	-	-	-	-	0	DISCOVERED	1.0.0	-	docs/specifications/source/genesis.txt:23181	2026-09-02	SECTION-846
CANON-0847	SPEC-FIRST BUT BUILD-DRIVEN	Genesis should neither become:	DOMAIN-ENGINEERING	-	-	-	-	-	0	DISCOVERED	1.0.0	-	docs/specifications/source/genesis.txt:23187	2026-09-02	SECTION-847
CANON-0848	ARCHITECTURE IS ALLOWED TO EVOLVE	The full body is planned, but implementation can discover better designs.	DOMAIN-GOVERNANCE	-	-	-	-	-	0	DISCOVERED	1.0.0	-	docs/specifications/source/genesis.txt:23219	2026-09-02	SECTION-848
CANON-0849	EVOLUTION OF THE DESIGN	Genesis architecture itself follows:	DOMAIN-GOVERNANCE	-	-	-	-	-	0	DISCOVERED	1.0.0	-	docs/specifications/source/genesis.txt:23227	2026-09-02	SECTION-849
CANON-0850	FAILED DESIGNS ARE PRESERVED AS KNOWLEDGE	Record why a design failed.	DOMAIN-GOVERNANCE	-	-	-	-	-	0	DISCOVERED	1.0.0	-	docs/specifications/source/genesis.txt:23242	2026-09-02	SECTION-850
CANON-0851	FINAL HARDENING PRINCIPLE	Genesis architecture now needs to optimize simultaneously for:	DOMAIN-GOVERNANCE	-	-	-	-	-	0	DISCOVERED	1.0.0	-	docs/specifications/source/genesis.txt:23250	2026-09-02	SECTION-851
CANON-0852	PURPOSE	Before serious cognitive implementation begins, Genesis requires a complete engineering envelope.	DOMAIN-GOVERNANCE	-	-	-	-	-	0	DISCOVERED	1.0.0	-	docs/specifications/source/genesis.txt:23314	2026-09-02	SECTION-852
CANON-0853	GENESIS DEPLOYMENT PRINCIPLE	Genesis must support multiple deployment forms without changing organism identity.	DOMAIN-GOVERNANCE	-	-	-	-	-	0	DISCOVERED	1.0.0	-	docs/specifications/source/genesis.txt:23351	2026-09-02	SECTION-853
CANON-0854	LOCAL-FIRST	Primary design principle:	DOMAIN-GOVERNANCE	-	-	-	-	-	0	DISCOVERED	1.0.0	-	docs/specifications/source/genesis.txt:23371	2026-09-02	SECTION-854
CANON-0855	PRIVATE SELF-HOSTING	Genesis shall also support running on a private server.	DOMAIN-GOVERNANCE	-	-	-	-	-	0	DISCOVERED	1.0.0	-	docs/specifications/source/genesis.txt:23384	2026-09-02	SECTION-855
CANON-0856	PRIVATE URL	Optionally expose a private authenticated interface such as:	DOMAIN-GOVERNANCE	-	-	-	-	-	0	DISCOVERED	1.0.0	-	docs/specifications/source/genesis.txt:23408	2026-09-02	SECTION-856
CANON-0857	HEADLESS GENESIS CORE	Separate the organism from the GUI.	DOMAIN-GOVERNANCE	-	-	-	-	-	0	DISCOVERED	1.0.0	-	docs/specifications/source/genesis.txt:23434	2026-09-02	SECTION-857
CANON-0858	ONE ORGANISM — MANY CLIENTS	Example:	DOMAIN-ORGANISM	-	-	-	-	-	0	DISCOVERED	1.0.0	-	docs/specifications/source/genesis.txt:23468	2026-09-02	SECTION-858
CANON-0859	DISTRIBUTED CORE	Genesis may eventually distribute cognition itself across several machines.	DOMAIN-NETWORK	-	-	-	-	-	0	DISCOVERED	1.0.0	-	docs/specifications/source/genesis.txt:23488	2026-09-02	SECTION-859
CANON-0860	SOURCE CODE ≠ PERSONAL GENESIS	Permanent separation:	DOMAIN-GOVERNANCE	-	-	-	-	-	0	DISCOVERED	1.0.0	-	docs/specifications/source/genesis.txt:23509	2026-09-02	SECTION-860
CANON-0861	SPECIES / ORGANISM / EXPERIENCE SEPARATION	Use three conceptual layers:	DOMAIN-ORGANISM	-	-	-	-	-	0	DISCOVERED	1.0.0	-	docs/specifications/source/genesis.txt:23523	2026-09-02	SECTION-861
CANON-0862	DISTRIBUTION MUST NEVER CONTAIN PERSONAL IDENTITY	A distributable Genesis package must exclude:	DOMAIN-IDENTITY	-	-	-	-	-	0	DISCOVERED	1.0.0	-	docs/specifications/source/genesis.txt:23551	2026-09-02	SECTION-862
CANON-0863	FIRST-RUN BIRTH	A fresh installation intended to become a new organism executes:	DOMAIN-GENETICS	-	-	-	-	-	0	DISCOVERED	1.0.0	-	docs/specifications/source/genesis.txt:23570	2026-09-02	SECTION-863
CANON-0864	CODE FORK ≠ CHILD	Permanent invariant:	DOMAIN-GENETICS	-	-	-	-	-	0	DISCOVERED	1.0.0	-	docs/specifications/source/genesis.txt:23596	2026-09-02	SECTION-864
CANON-0865	DIFFERENT USERS DEVELOP DIFFERENT GENESIS ORGANISMS	Two installations may share:	DOMAIN-ORGANISM	-	-	-	-	-	0	DISCOVERED	1.0.0	-	docs/specifications/source/genesis.txt:23612	2026-09-02	SECTION-865
CANON-0866	PERSONALITY MUST NOT BE SHIPPED AS USER DATA	Do not package one mature Genesis's personality as the default personality of every future Genesis.	DOMAIN-GOVERNANCE	-	-	-	-	-	0	DISCOVERED	1.0.0	-	docs/specifications/source/genesis.txt:23639	2026-09-02	SECTION-866
CANON-0867	CROSS-PLATFORM TARGET	Genesis shall be **cross-platform by architecture**.	DOMAIN-GOVERNANCE	-	-	-	-	-	0	DISCOVERED	1.0.0	-	docs/specifications/source/genesis.txt:23649	2026-09-02	SECTION-867
CANON-0868	CROSS-PLATFORM DOES NOT MEAN “MAGICALLY RUNS EVERYWHERE”	Support must be earned through testing.	DOMAIN-GOVERNANCE	-	-	-	-	-	0	DISCOVERED	1.0.0	-	docs/specifications/source/genesis.txt:23674	2026-09-02	SECTION-868
CANON-0869	FIRST CPU ARCHITECTURES	Design for at least:	DOMAIN-GOVERNANCE	-	-	-	-	-	0	DISCOVERED	1.0.0	-	docs/specifications/source/genesis.txt:23691	2026-09-02	SECTION-869
CANON-0870	PLATFORM ABSTRACTION LAYER	Create:	DOMAIN-GOVERNANCE	-	-	-	-	-	0	DISCOVERED	1.0.0	-	docs/specifications/source/genesis.txt:23704	2026-09-02	SECTION-870
CANON-0871	PLATFORM ADAPTERS	Examples:	DOMAIN-GOVERNANCE	-	-	-	-	-	0	DISCOVERED	1.0.0	-	docs/specifications/source/genesis.txt:23731	2026-09-02	SECTION-871
CANON-0872	HARDWARE PROFILE	On first boot Genesis measures the actual system.	DOMAIN-EMBODIMENT	-	-	-	-	-	0	DISCOVERED	1.0.0	-	docs/specifications/source/genesis.txt:23747	2026-09-02	SECTION-872
CANON-0873	DO NOT GUESS FINAL MINIMUM SPECIFICATIONS	Published minimum/recommended hardware should ultimately come from benchmarks.	DOMAIN-GOVERNANCE	-	-	-	-	-	0	DISCOVERED	1.0.0	-	docs/specifications/source/genesis.txt:23783	2026-09-02	SECTION-873
CANON-0874	HARDWARE CAPABILITY TIERS	Define profiles.	DOMAIN-EMBODIMENT	-	-	-	-	-	0	DISCOVERED	1.0.0	-	docs/specifications/source/genesis.txt:23797	2026-09-02	SECTION-874
CANON-0875	EDGE PROFILE	Possible purpose:	DOMAIN-GOVERNANCE	-	-	-	-	-	0	DISCOVERED	1.0.0	-	docs/specifications/source/genesis.txt:23814	2026-09-02	SECTION-875
CANON-0876	MOBILE PROFILE	Optimizes:	DOMAIN-GOVERNANCE	-	-	-	-	-	0	DISCOVERED	1.0.0	-	docs/specifications/source/genesis.txt:23830	2026-09-02	SECTION-876
CANON-0877	MINIMAL PROFILE	Runs the smallest meaningful Genesis configuration.	DOMAIN-GOVERNANCE	-	-	-	-	-	0	DISCOVERED	1.0.0	-	docs/specifications/source/genesis.txt:23859	2026-09-02	SECTION-877
CANON-0878	STANDARD PROFILE	Target ordinary modern PCs.	DOMAIN-GOVERNANCE	-	-	-	-	-	0	DISCOVERED	1.0.0	-	docs/specifications/source/genesis.txt:23878	2026-09-02	SECTION-878
CANON-0879	ADVANCED PROFILE	Adds higher-performance:	DOMAIN-GOVERNANCE	-	-	-	-	-	0	DISCOVERED	1.0.0	-	docs/specifications/source/genesis.txt:23897	2026-09-02	SECTION-879
CANON-0880	RESEARCH PROFILE	Designed for:	DOMAIN-RESEARCH	-	-	-	-	-	0	DISCOVERED	1.0.0	-	docs/specifications/source/genesis.txt:23911	2026-09-02	SECTION-880
CANON-0881	DISTRIBUTED PROFILE	Allows several machines to contribute resources.	DOMAIN-NETWORK	-	-	-	-	-	0	DISCOVERED	1.0.0	-	docs/specifications/source/genesis.txt:23926	2026-09-02	SECTION-881
CANON-0882	AUTOMATIC PROFILE SELECTION	At boot:	DOMAIN-GOVERNANCE	-	-	-	-	-	0	DISCOVERED	1.0.0	-	docs/specifications/source/genesis.txt:23932	2026-09-02	SECTION-882
CANON-0883	GRACEFUL SCALING	Low hardware must produce:	DOMAIN-GOVERNANCE	-	-	-	-	-	0	DISCOVERED	1.0.0	-	docs/specifications/source/genesis.txt:23952	2026-09-02	SECTION-883
CANON-0884	PUBLISHED SYSTEM REQUIREMENTS	Eventually installers/public website should display:	DOMAIN-ENGINEERING	-	-	-	-	-	0	DISCOVERED	1.0.0	-	docs/specifications/source/genesis.txt:23979	2026-09-02	SECTION-884
CANON-0885	HARDWARE COMPATIBILITY DATABASE	Maintain:	DOMAIN-EMBODIMENT	-	-	-	-	-	0	DISCOVERED	1.0.0	-	docs/specifications/source/genesis.txt:24007	2026-09-02	SECTION-885
CANON-0886	SOFTWARE DEPENDENCY MANIFEST	Create:	DOMAIN-ENGINEERING	-	-	-	-	-	0	DISCOVERED	1.0.0	-	docs/specifications/source/genesis.txt:24025	2026-09-02	SECTION-886
CANON-0887	TOOLCHAIN MANIFEST	Track:	DOMAIN-TOOLS	-	-	-	-	-	0	DISCOVERED	1.0.0	-	docs/specifications/source/genesis.txt:24049	2026-09-02	SECTION-887
CANON-0888	BUILD DEPENDENCY ≠ RUNTIME DEPENDENCY	Separate:	DOMAIN-RUNTIME	-	-	-	-	-	0	DISCOVERED	1.0.0	-	docs/specifications/source/genesis.txt:24068	2026-09-02	SECTION-888
CANON-0889	OPTIONAL DEPENDENCIES	Experimental systems should not make the base installer enormous.	DOMAIN-GOVERNANCE	-	-	-	-	-	0	DISCOVERED	1.0.0	-	docs/specifications/source/genesis.txt:24086	2026-09-02	SECTION-889
CANON-0890	DRIVER MANIFEST	Track:	DOMAIN-ENGINEERING	-	-	-	-	-	0	DISCOVERED	1.0.0	-	docs/specifications/source/genesis.txt:24101	2026-09-02	SECTION-890
CANON-0891	FIRMWARE MANIFEST	For physical hardware record:	DOMAIN-ENGINEERING	-	-	-	-	-	0	DISCOVERED	1.0.0	-	docs/specifications/source/genesis.txt:24118	2026-09-02	SECTION-891
CANON-0892	FIRMWARE DOES NOT UPDATE BLINDLY	Pipeline:	DOMAIN-GOVERNANCE	-	-	-	-	-	0	DISCOVERED	1.0.0	-	docs/specifications/source/genesis.txt:24134	2026-09-02	SECTION-892
CANON-0893	HARDWARE INVENTORY	Genesis maintains an inventory of physical and virtual devices.	DOMAIN-EMBODIMENT	-	-	-	-	-	0	DISCOVERED	1.0.0	-	docs/specifications/source/genesis.txt:24151	2026-09-02	SECTION-893
CANON-0894	DEPENDENCY BOOTSTRAPPER	Installer should automatically detect required runtime components.	DOMAIN-ENGINEERING	-	-	-	-	-	0	DISCOVERED	1.0.0	-	docs/specifications/source/genesis.txt:24165	2026-09-02	SECTION-894
CANON-0895	OFFLINE INSTALLER	Long-term support:	DOMAIN-NETWORK	-	-	-	-	-	0	DISCOVERED	1.0.0	-	docs/specifications/source/genesis.txt:24173	2026-09-02	SECTION-895
CANON-0896	PACKAGE ARCHITECTURE	Possible packages:	DOMAIN-ENGINEERING	-	-	-	-	-	0	DISCOVERED	1.0.0	-	docs/specifications/source/genesis.txt:24187	2026-09-02	SECTION-896
CANON-0897	INSTALLER	Installer responsibilities:	DOMAIN-ENGINEERING	-	-	-	-	-	0	DISCOVERED	1.0.0	-	docs/specifications/source/genesis.txt:24206	2026-09-02	SECTION-897
CANON-0898	PORTABLE INSTALLATION	Where technically possible support a portable/development configuration.	DOMAIN-ENGINEERING	-	-	-	-	-	0	DISCOVERED	1.0.0	-	docs/specifications/source/genesis.txt:24224	2026-09-02	SECTION-898
CANON-0899	CONTAINER IMAGE	Optional server distribution may provide:	DOMAIN-GOVERNANCE	-	-	-	-	-	0	DISCOVERED	1.0.0	-	docs/specifications/source/genesis.txt:24232	2026-09-02	SECTION-899
CANON-0900	VM IMAGE	Optional:	DOMAIN-GOVERNANCE	-	-	-	-	-	0	DISCOVERED	1.0.0	-	docs/specifications/source/genesis.txt:24246	2026-09-02	SECTION-900
CANON-0901	SELF-HOSTED SERVER PACKAGE	Provide future:	DOMAIN-NETWORK	-	-	-	-	-	0	DISCOVERED	1.0.0	-	docs/specifications/source/genesis.txt:24260	2026-09-02	SECTION-901
CANON-0902	REMOTE CLIENT	A remote client does not contain the entire memory/personality unless explicitly operating an authorized synchronized local node.	DOMAIN-NETWORK	-	-	-	-	-	0	DISCOVERED	1.0.0	-	docs/specifications/source/genesis.txt:24283	2026-09-02	SECTION-902
CANON-0903	CLOUD DEPLOYMENT	Future deployment may operate on:	DOMAIN-NETWORK	-	-	-	-	-	0	DISCOVERED	1.0.0	-	docs/specifications/source/genesis.txt:24289	2026-09-02	SECTION-903
CANON-0904	CLOUD ABSTRACTION	Create:	DOMAIN-NETWORK	-	-	-	-	-	0	DISCOVERED	1.0.0	-	docs/specifications/source/genesis.txt:24305	2026-09-02	SECTION-904
CANON-0905	CLOUD STORAGE	Cloud storage may hold:	DOMAIN-MEMORY	-	-	-	-	-	0	DISCOVERED	1.0.0	-	docs/specifications/source/genesis.txt:24327	2026-09-02	SECTION-905
CANON-0906	PERSONAL MEMORY CLOUD POLICY	Private memory must never automatically upload merely because cloud storage exists.	DOMAIN-MEMORY	-	-	-	-	-	0	DISCOVERED	1.0.0	-	docs/specifications/source/genesis.txt:24342	2026-09-02	SECTION-906
CANON-0907	DATA ENCRYPTION IS REQUIRED	Sensitive Genesis state should support strong encryption.	DOMAIN-SECURITY	-	-	-	-	-	0	DISCOVERED	1.0.0	-	docs/specifications/source/genesis.txt:24357	2026-09-02	SECTION-907
CANON-0908	THREE CRYPTOGRAPHIC PROBLEMS	Separate:	DOMAIN-SECURITY	-	-	-	-	-	0	DISCOVERED	1.0.0	-	docs/specifications/source/genesis.txt:24375	2026-09-02	SECTION-908
CANON-0909	CRYPTO-AGILITY	Create:	DOMAIN-SECURITY	-	-	-	-	-	0	DISCOVERED	1.0.0	-	docs/specifications/source/genesis.txt:24394	2026-09-02	SECTION-909
CANON-0910	POST-QUANTUM CRYPTOGRAPHY	Genesis should be **post-quantum ready**.	DOMAIN-SECURITY	-	-	-	-	-	0	DISCOVERED	1.0.0	-	docs/specifications/source/genesis.txt:24408	2026-09-02	SECTION-910
CANON-0911	POST-QUANTUM ≠ QUANTUM ENCRYPTION	Distinguish:	DOMAIN-SECURITY	-	-	-	-	-	0	DISCOVERED	1.0.0	-	docs/specifications/source/genesis.txt:24423	2026-09-02	SECTION-911
CANON-0912	QKD	Quantum key distribution may become an experimental physical-network backend if suitable hardware ever exists.	DOMAIN-GOVERNANCE	-	-	-	-	-	0	DISCOVERED	1.0.0	-	docs/specifications/source/genesis.txt:24442	2026-09-02	SECTION-912
CANON-0913	HYBRID CRYPTO TRANSITION	Architecture should allow hybrid classical/post-quantum exchanges during migration periods where standards/practice warrant.	DOMAIN-SECURITY	-	-	-	-	-	0	DISCOVERED	1.0.0	-	docs/specifications/source/genesis.txt:24452	2026-09-02	SECTION-913
CANON-0914	ENCRYPTION AT REST	Apply appropriate encrypted storage to:	DOMAIN-SECURITY	-	-	-	-	-	0	DISCOVERED	1.0.0	-	docs/specifications/source/genesis.txt:24460	2026-09-02	SECTION-914
CANON-0915	ENCRYPTION IN TRANSIT	All private remote Genesis communication uses authenticated encrypted channels.	DOMAIN-SECURITY	-	-	-	-	-	0	DISCOVERED	1.0.0	-	docs/specifications/source/genesis.txt:24474	2026-09-02	SECTION-915
CANON-0916	DATABASE ENCRYPTION	Databases must support:	DOMAIN-SECURITY	-	-	-	-	-	0	DISCOVERED	1.0.0	-	docs/specifications/source/genesis.txt:24480	2026-09-02	SECTION-916
CANON-0917	CRYPTOGRAPHIC IDENTITY ROOT	Each organism obtains a unique cryptographic identity.	DOMAIN-IDENTITY	-	-	-	-	-	0	DISCOVERED	1.0.0	-	docs/specifications/source/genesis.txt:24495	2026-09-02	SECTION-917
CANON-0918	DEVICE IDENTITY	Trusted devices receive independent identities.	DOMAIN-IDENTITY	-	-	-	-	-	0	DISCOVERED	1.0.0	-	docs/specifications/source/genesis.txt:24512	2026-09-02	SECTION-918
CANON-0919	KEY RECOVERY	Design recovery before depending on identity keys.	DOMAIN-SECURITY	-	-	-	-	-	0	DISCOVERED	1.0.0	-	docs/specifications/source/genesis.txt:24530	2026-09-02	SECTION-919
CANON-0920	ACCESS CONTROL	Support multiple control mechanisms:	DOMAIN-SECURITY	-	-	-	-	-	0	DISCOVERED	1.0.0	-	docs/specifications/source/genesis.txt:24548	2026-09-02	SECTION-920
CANON-0921	CAPABILITY-BASED AUTHORITY	A component receives specific authority such as:	DOMAIN-SECURITY	-	-	-	-	-	0	DISCOVERED	1.0.0	-	docs/specifications/source/genesis.txt:24563	2026-09-02	SECTION-921
CANON-0922	AUTHORIZATION AUDIT	Sensitive operations record:	DOMAIN-SECURITY	-	-	-	-	-	0	DISCOVERED	1.0.0	-	docs/specifications/source/genesis.txt:24585	2026-09-02	SECTION-922
CANON-0923	RAG ARCHITECTURE	RAG may be useful but must not become Genesis itself.	DOMAIN-MEMORY	-	-	-	-	-	0	DISCOVERED	1.0.0	-	docs/specifications/source/genesis.txt:24600	2026-09-02	SECTION-923
CANON-0924	RETRIEVAL TYPES	Support experimentation with:	DOMAIN-MEMORY	-	-	-	-	-	0	DISCOVERED	1.0.0	-	docs/specifications/source/genesis.txt:24614	2026-09-02	SECTION-924
CANON-0925	RETRIEVAL-AUGMENTED GENERATION	Where a generative cognitive organ requires external knowledge:	DOMAIN-MEMORY	-	-	-	-	-	0	DISCOVERED	1.0.0	-	docs/specifications/source/genesis.txt:24632	2026-09-02	SECTION-925
CANON-0926	RAG ≠ MEMORY	Permanent invariant:	DOMAIN-MEMORY	-	-	-	-	-	0	DISCOVERED	1.0.0	-	docs/specifications/source/genesis.txt:24656	2026-09-02	SECTION-926
CANON-0927	RAG ≠ TRUTH	Retrieved documents remain evidence objects.	DOMAIN-MEMORY	-	-	-	-	-	0	DISCOVERED	1.0.0	-	docs/specifications/source/genesis.txt:24672	2026-09-02	SECTION-927
CANON-0928	GRAPH RAG / KNOWLEDGE-GRAPH RETRIEVAL	Genesis may use graph-aware retrieval where useful.	DOMAIN-MEMORY	-	-	-	-	-	0	DISCOVERED	1.0.0	-	docs/specifications/source/genesis.txt:24680	2026-09-02	SECTION-928
CANON-0929	CONTEXT ASSEMBLY ENGINE	Create a context builder that selects information based on:	DOMAIN-MEMORY	-	-	-	-	-	0	DISCOVERED	1.0.0	-	docs/specifications/source/genesis.txt:24697	2026-09-02	SECTION-929
CANON-0930	CONTEXT IS TEMPORARY	Material loaded into active cognition should not automatically become long-term memory.	DOMAIN-MEMORY	-	-	-	-	-	0	DISCOVERED	1.0.0	-	docs/specifications/source/genesis.txt:24714	2026-09-02	SECTION-930
CANON-0931	MCP SUPPORT	Genesis may support **Model Context Protocol style tool integration** through an adapter.	DOMAIN-GOVERNANCE	-	-	-	-	-	0	DISCOVERED	1.0.0	-	docs/specifications/source/genesis.txt:24720	2026-09-02	SECTION-931
CANON-0932	MCP MUST NOT BE BOOT-CRITICAL	If MCP changes, disappears or is replaced:	DOMAIN-GOVERNANCE	-	-	-	-	-	0	DISCOVERED	1.0.0	-	docs/specifications/source/genesis.txt:24736	2026-09-02	SECTION-932
CANON-0933	EXTERNAL TOOL PROTOCOL GATEWAY	Create:	DOMAIN-GENETICS	-	-	-	-	-	0	DISCOVERED	1.0.0	-	docs/specifications/source/genesis.txt:24746	2026-09-02	SECTION-933
CANON-0934	AGENT-TO-AGENT PROTOCOLS	External/interoperability agent communication may support:	DOMAIN-NETWORK	-	-	-	-	-	0	DISCOVERED	1.0.0	-	docs/specifications/source/genesis.txt:24769	2026-09-02	SECTION-934
CANON-0935	EXTERNAL PROTOCOL ≠ INTERNAL ARCHITECTURE	Permanent principle:	DOMAIN-GENETICS	-	-	-	-	-	0	DISCOVERED	1.0.0	-	docs/specifications/source/genesis.txt:24783	2026-09-02	SECTION-935
CANON-0936	ROBOTICS PROTOCOL ADAPTERS	Possible future adapters include appropriate robotics middleware/protocols.	DOMAIN-EMBODIMENT	-	-	-	-	-	0	DISCOVERED	1.0.0	-	docs/specifications/source/genesis.txt:24801	2026-09-02	SECTION-936
CANON-0937	IOT PROTOCOL ADAPTERS	May support:	DOMAIN-NETWORK	-	-	-	-	-	0	DISCOVERED	1.0.0	-	docs/specifications/source/genesis.txt:24809	2026-09-02	SECTION-937
CANON-0938	NARROW AI SYSTEMS	Yes, Genesis can use specialized/narrow models.	DOMAIN-COMPUTE	-	-	-	-	-	0	DISCOVERED	1.0.0	-	docs/specifications/source/genesis.txt:24827	2026-09-02	SECTION-938
CANON-0939	SPECIALIST MODEL REGISTRY	Create:	DOMAIN-ENGINEERING	-	-	-	-	-	0	DISCOVERED	1.0.0	-	docs/specifications/source/genesis.txt:24851	2026-09-02	SECTION-939
CANON-0940	SPECIALIST ≠ IDENTITY	A narrow AI component is an organ/tool.	DOMAIN-IDENTITY	-	-	-	-	-	0	DISCOVERED	1.0.0	-	docs/specifications/source/genesis.txt:24876	2026-09-02	SECTION-940
CANON-0941	SPECIALIST ROUTING	Example:	DOMAIN-GOVERNANCE	-	-	-	-	-	0	DISCOVERED	1.0.0	-	docs/specifications/source/genesis.txt:24884	2026-09-02	SECTION-941
CANON-0942	MODEL REPLACEMENT	Any external specialist should ultimately be replaceable by:	DOMAIN-COMPUTE	-	-	-	-	-	0	DISCOVERED	1.0.0	-	docs/specifications/source/genesis.txt:24908	2026-09-02	SECTION-942
CANON-0943	EXTERNAL PRETRAINED MODELS	If used during development, record:	DOMAIN-GENETICS	-	-	-	-	-	0	DISCOVERED	1.0.0	-	docs/specifications/source/genesis.txt:24920	2026-09-02	SECTION-943
CANON-0944	MODEL STORE	Large weights live outside normal Git.	DOMAIN-COMPUTE	-	-	-	-	-	0	DISCOVERED	1.0.0	-	docs/specifications/source/genesis.txt:24937	2026-09-02	SECTION-944
CANON-0945	MODEL DOWNLOADER	Optional models may download only from approved sources with verification.	DOMAIN-COMPUTE	-	-	-	-	-	0	DISCOVERED	1.0.0	-	docs/specifications/source/genesis.txt:24945	2026-09-02	SECTION-945
CANON-0946	MODEL INTEGRITY	Before load:	DOMAIN-COMPUTE	-	-	-	-	-	0	DISCOVERED	1.0.0	-	docs/specifications/source/genesis.txt:24951	2026-09-02	SECTION-946
CANON-0947	MODEL CAPABILITY TEST	Never assume the downloaded model does what its description claims.	DOMAIN-ENGINEERING	-	-	-	-	-	0	DISCOVERED	1.0.0	-	docs/specifications/source/genesis.txt:24964	2026-09-02	SECTION-947
CANON-0948	AI ROUTER	Create:	DOMAIN-COMPUTE	-	-	-	-	-	0	DISCOVERED	1.0.0	-	docs/specifications/source/genesis.txt:24972	2026-09-02	SECTION-948
CANON-0949	AUTONOMY ARCHITECTURE	Autonomy must be first-class rather than a single Boolean.	DOMAIN-GOVERNANCE	-	-	-	-	-	0	DISCOVERED	1.0.0	-	docs/specifications/source/genesis.txt:24995	2026-09-02	SECTION-949
CANON-0950	AUTONOMY DIMENSIONS	Track independently:	DOMAIN-GOVERNANCE	-	-	-	-	-	0	DISCOVERED	1.0.0	-	docs/specifications/source/genesis.txt:25007	2026-09-02	SECTION-950
CANON-0951	DEVELOPMENTAL AUTONOMY	Autonomy grows through demonstrated competence.	DOMAIN-DEVELOPMENT	-	-	-	-	-	0	DISCOVERED	1.0.0	-	docs/specifications/source/genesis.txt:25026	2026-09-02	SECTION-951
CANON-0952	AUTONOMY SCOPE	Authority can be restricted by:	DOMAIN-GOVERNANCE	-	-	-	-	-	0	DISCOVERED	1.0.0	-	docs/specifications/source/genesis.txt:25050	2026-09-02	SECTION-952
CANON-0953	AUTONOMY BUDGET	Self-directed work may receive:	DOMAIN-GOVERNANCE	-	-	-	-	-	0	DISCOVERED	1.0.0	-	docs/specifications/source/genesis.txt:25068	2026-09-02	SECTION-953
CANON-0954	AUTONOMY DOES NOT REQUIRE CONSTANT INTERNET	Genesis may autonomously:	DOMAIN-NETWORK	-	-	-	-	-	0	DISCOVERED	1.0.0	-	docs/specifications/source/genesis.txt:25084	2026-09-02	SECTION-954
CANON-0955	BACKGROUND RESEARCH AUTONOMY	When allowed:	DOMAIN-RESEARCH	-	-	-	-	-	0	DISCOVERED	1.0.0	-	docs/specifications/source/genesis.txt:25102	2026-09-02	SECTION-955
CANON-0956	AUTONOMOUS ACTION AUDIT	Meaningful autonomous actions require traceable origin:	DOMAIN-GOVERNANCE	-	-	-	-	-	0	DISCOVERED	1.0.0	-	docs/specifications/source/genesis.txt:25126	2026-09-02	SECTION-956
CANON-0957	TASK SCHEDULING	Support:	DOMAIN-RUNTIME	-	-	-	-	-	0	DISCOVERED	1.0.0	-	docs/specifications/source/genesis.txt:25139	2026-09-02	SECTION-957
CANON-0958	EVENT-DRIVEN AUTONOMY	Genesis may respond to:	DOMAIN-RUNTIME	-	-	-	-	-	0	DISCOVERED	1.0.0	-	docs/specifications/source/genesis.txt:25156	2026-09-02	SECTION-958
CANON-0959	AUTONOMY STATE SURVIVES RESTART	Long-running personal projects and research must not disappear on reboot.	DOMAIN-RUNTIME	-	-	-	-	-	0	DISCOVERED	1.0.0	-	docs/specifications/source/genesis.txt:25173	2026-09-02	SECTION-959
CANON-0960	API AUTHENTICATION	Every remote API requires appropriate identity verification.	DOMAIN-SECURITY	-	-	-	-	-	0	DISCOVERED	1.0.0	-	docs/specifications/source/genesis.txt:25179	2026-09-02	SECTION-960
CANON-0961	API VERSIONING	External clients must know which Genesis API they are speaking to.	DOMAIN-NETWORK	-	-	-	-	-	0	DISCOVERED	1.0.0	-	docs/specifications/source/genesis.txt:25185	2026-09-02	SECTION-961
CANON-0962	API RATE CONTROL	Prevent:	DOMAIN-NETWORK	-	-	-	-	-	0	DISCOVERED	1.0.0	-	docs/specifications/source/genesis.txt:25191	2026-09-02	SECTION-962
CANON-0963	API PERMISSION SCOPES	Example:	DOMAIN-SECURITY	-	-	-	-	-	0	DISCOVERED	1.0.0	-	docs/specifications/source/genesis.txt:25205	2026-09-02	SECTION-963
CANON-0964	SESSION ARCHITECTURE	A remote conversation session connects to persistent Genesis state.	DOMAIN-NETWORK	-	-	-	-	-	0	DISCOVERED	1.0.0	-	docs/specifications/source/genesis.txt:25221	2026-09-02	SECTION-964
CANON-0965	MULTI-DEVICE SESSION	Genesis may interact through several authenticated devices while maintaining coherent conversational state.	DOMAIN-EMBODIMENT	-	-	-	-	-	0	DISCOVERED	1.0.0	-	docs/specifications/source/genesis.txt:25229	2026-09-02	SECTION-965
CANON-0966	SESSION HANDOFF	Example:	DOMAIN-NETWORK	-	-	-	-	-	0	DISCOVERED	1.0.0	-	docs/specifications/source/genesis.txt:25235	2026-09-02	SECTION-966
CANON-0967	STATE SYNCHRONIZATION	If multiple local nodes maintain copies:	DOMAIN-RUNTIME	-	-	-	-	-	0	DISCOVERED	1.0.0	-	docs/specifications/source/genesis.txt:25249	2026-09-02	SECTION-967
CANON-0968	SPLIT-BRAIN PREVENTION	Two disconnected machines must not both believe they are the sole authoritative continuation of the same identity without defined resolution rules.	DOMAIN-COGNITION	-	-	-	-	-	0	DISCOVERED	1.0.0	-	docs/specifications/source/genesis.txt:25264	2026-09-02	SECTION-968
CANON-0969	PRIMARY IDENTITY AUTHORITY	Define which active node/checkpoint currently owns authoritative organism continuity.	DOMAIN-IDENTITY	-	-	-	-	-	0	DISCOVERED	1.0.0	-	docs/specifications/source/genesis.txt:25272	2026-09-02	SECTION-969
CANON-0970	HIGH-AVAILABILITY MODE	Future servers may support redundant nodes.	DOMAIN-GOVERNANCE	-	-	-	-	-	0	DISCOVERED	1.0.0	-	docs/specifications/source/genesis.txt:25280	2026-09-02	SECTION-970
CANON-0971	FAILOVER	Conceptually:	DOMAIN-GOVERNANCE	-	-	-	-	-	0	DISCOVERED	1.0.0	-	docs/specifications/source/genesis.txt:25288	2026-09-02	SECTION-971
CANON-0972	DATA REPLICATION	Replication is distinct from organism duplication.	DOMAIN-GOVERNANCE	-	-	-	-	-	0	DISCOVERED	1.0.0	-	docs/specifications/source/genesis.txt:25307	2026-09-02	SECTION-972
CANON-0973	BACKUP IS NOT AN ACTIVE GENESIS	Permanent invariant:	DOMAIN-IDENTITY	-	-	-	-	-	0	DISCOVERED	1.0.0	-	docs/specifications/source/genesis.txt:25313	2026-09-02	SECTION-973
CANON-0974	HOSTED GENESIS SECURITY	Remote/private server deployment should account for:	DOMAIN-SECURITY	-	-	-	-	-	0	DISCOVERED	1.0.0	-	docs/specifications/source/genesis.txt:25325	2026-09-02	SECTION-974
CANON-0975	PRIVATE NETWORK OPTION	Remote access may optionally occur through:	DOMAIN-NETWORK	-	-	-	-	-	0	DISCOVERED	1.0.0	-	docs/specifications/source/genesis.txt:25345	2026-09-02	SECTION-975
CANON-0976	WEB FRONTEND	A web frontend can be served privately while Genesis core remains elsewhere.	DOMAIN-GOVERNANCE	-	-	-	-	-	0	DISCOVERED	1.0.0	-	docs/specifications/source/genesis.txt:25359	2026-09-02	SECTION-976
CANON-0977	MOBILE APPLICATION	A future mobile client may provide:	DOMAIN-GOVERNANCE	-	-	-	-	-	0	DISCOVERED	1.0.0	-	docs/specifications/source/genesis.txt:25365	2026-09-02	SECTION-977
CANON-0978	DESKTOP APPLICATION	A desktop client may expose deeper:	DOMAIN-GOVERNANCE	-	-	-	-	-	0	DISCOVERED	1.0.0	-	docs/specifications/source/genesis.txt:25383	2026-09-02	SECTION-978
CANON-0979	NOTIFICATION SYSTEM	Genesis may proactively surface:	DOMAIN-GOVERNANCE	-	-	-	-	-	0	DISCOVERED	1.0.0	-	docs/specifications/source/genesis.txt:25399	2026-09-02	SECTION-979
CANON-0980	DO NOT SPAM THE CREATOR	Notification significance and frequency must adapt to relationship/preferences.	DOMAIN-GOVERNANCE	-	-	-	-	-	0	DISCOVERED	1.0.0	-	docs/specifications/source/genesis.txt:25416	2026-09-02	SECTION-980
CANON-0981	PRIVACY-FIRST TELEMETRY	Internal telemetry is necessary.	DOMAIN-SECURITY	-	-	-	-	-	0	DISCOVERED	1.0.0	-	docs/specifications/source/genesis.txt:25422	2026-09-02	SECTION-981
CANON-0982	LOCAL DIAGNOSTICS	Performance/error diagnostics should work locally without sending private data to a vendor.	DOMAIN-GOVERNANCE	-	-	-	-	-	0	DISCOVERED	1.0.0	-	docs/specifications/source/genesis.txt:25438	2026-09-02	SECTION-982
CANON-0983	CRASH REPORTING	Public versions may optionally provide sanitized crash reports.	DOMAIN-GOVERNANCE	-	-	-	-	-	0	DISCOVERED	1.0.0	-	docs/specifications/source/genesis.txt:25444	2026-09-02	SECTION-983
CANON-0984	UPDATE CHANNELS	Possible:	DOMAIN-GOVERNANCE	-	-	-	-	-	0	DISCOVERED	1.0.0	-	docs/specifications/source/genesis.txt:25452	2026-09-02	SECTION-984
CANON-0985	SIGNED RELEASES	Release packages should eventually support cryptographic verification.	DOMAIN-ENGINEERING	-	-	-	-	-	0	DISCOVERED	1.0.0	-	docs/specifications/source/genesis.txt:25465	2026-09-02	SECTION-985
CANON-0986	UPDATE COMPATIBILITY	Before updating:	DOMAIN-ENGINEERING	-	-	-	-	-	0	DISCOVERED	1.0.0	-	docs/specifications/source/genesis.txt:25471	2026-09-02	SECTION-986
CANON-0987	DATA MIGRATION TEST	Every release affecting persistent state needs migration tests.	DOMAIN-STORAGE	-	-	-	-	-	0	DISCOVERED	1.0.0	-	docs/specifications/source/genesis.txt:25486	2026-09-02	SECTION-987
CANON-0988	ROLLBACK PACKAGE	If an application update fails, restore working binaries without erasing newer compatible organism data where possible.	DOMAIN-ENGINEERING	-	-	-	-	-	0	DISCOVERED	1.0.0	-	docs/specifications/source/genesis.txt:25492	2026-09-02	SECTION-988
CANON-0989	VERSION SEPARATION	Track independently:	DOMAIN-ENGINEERING	-	-	-	-	-	0	DISCOVERED	1.0.0	-	docs/specifications/source/genesis.txt:25498	2026-09-02	SECTION-989
CANON-0990	PUBLIC RELEASE MODEL	A future public release may provide:	DOMAIN-ENGINEERING	-	-	-	-	-	0	DISCOVERED	1.0.0	-	docs/specifications/source/genesis.txt:25514	2026-09-02	SECTION-990
CANON-0991	PUBLIC INSTALLATION CREATES A NEW LINE	Conceptually:	DOMAIN-ENGINEERING	-	-	-	-	-	0	DISCOVERED	1.0.0	-	docs/specifications/source/genesis.txt:25528	2026-09-02	SECTION-991
CANON-0992	FOUNDATIONAL VALUES MAY BE SHARED	The platform may define baseline principles.	DOMAIN-AFFECT-SOCIAL	-	-	-	-	-	0	DISCOVERED	1.0.0	-	docs/specifications/source/genesis.txt:25554	2026-09-02	SECTION-992
CANON-0993	PERSONAL DATA EXPORT MUST NOT BECOME DEFAULT TEMPLATE	Even if the creator exports their Genesis, that package is a personal organism archive, not the public installer.	DOMAIN-GOVERNANCE	-	-	-	-	-	0	DISCOVERED	1.0.0	-	docs/specifications/source/genesis.txt:25562	2026-09-02	SECTION-993
CANON-0994	PLUGIN ARCHITECTURE	Create:	DOMAIN-TOOLS	-	-	-	-	-	0	DISCOVERED	1.0.0	-	docs/specifications/source/genesis.txt:25568	2026-09-02	SECTION-994
CANON-0995	PLUGIN SANDBOXING	Third-party plugins must not automatically receive:	DOMAIN-TOOLS	-	-	-	-	-	0	DISCOVERED	1.0.0	-	docs/specifications/source/genesis.txt:25592	2026-09-02	SECTION-995
CANON-0996	PLUGIN MARKETPLACE — FUTURE ONLY	If ever created, require:	DOMAIN-TOOLS	-	-	-	-	-	0	DISCOVERED	1.0.0	-	docs/specifications/source/genesis.txt:25606	2026-09-02	SECTION-996
CANON-0997	SERVICE DISCOVERY	Genesis must discover available internal and external capabilities dynamically.	DOMAIN-RUNTIME	-	-	-	-	-	0	DISCOVERED	1.0.0	-	docs/specifications/source/genesis.txt:25621	2026-09-02	SECTION-997
CANON-0998	CAPABILITY NEGOTIATION	Example:	DOMAIN-GOVERNANCE	-	-	-	-	-	0	DISCOVERED	1.0.0	-	docs/specifications/source/genesis.txt:25627	2026-09-02	SECTION-998
CANON-0999	NO SINGLE VENDOR LOCK-IN	Avoid making Genesis fundamentally dependent on:	DOMAIN-GOVERNANCE	-	-	-	-	-	0	DISCOVERED	1.0.0	-	docs/specifications/source/genesis.txt:25644	2026-09-02	SECTION-999
CANON-1000	MODEL / TOOL PROVIDER ABSTRACTION	Any external provider should sit behind a provider interface.	DOMAIN-TOOLS	-	-	-	-	-	0	DISCOVERED	1.0.0	-	docs/specifications/source/genesis.txt:25666	2026-09-02	SECTION-1000
CANON-1001	EXTERNAL SERVICE FAILURE	If an optional external service fails:	DOMAIN-GENETICS	-	-	-	-	-	0	DISCOVERED	1.0.0	-	docs/specifications/source/genesis.txt:25672	2026-09-02	SECTION-1001
CANON-1002	INTERNET DISCONNECTION	Genesis remains capable of local interaction and personal continuity.	DOMAIN-NETWORK	-	-	-	-	-	0	DISCOVERED	1.0.0	-	docs/specifications/source/genesis.txt:25687	2026-09-02	SECTION-1002
CANON-1003	NETWORK RECONNECTION SAFETY	Do not automatically ingest every queued online change without validation.	DOMAIN-NETWORK	-	-	-	-	-	0	DISCOVERED	1.0.0	-	docs/specifications/source/genesis.txt:25693	2026-09-02	SECTION-1003
CANON-1004	DNS / DOMAIN FAILURE	Losing a public/private domain does not lose Genesis.	DOMAIN-GOVERNANCE	-	-	-	-	-	0	DISCOVERED	1.0.0	-	docs/specifications/source/genesis.txt:25699	2026-09-02	SECTION-1004
CANON-1005	STORAGE PROVIDER FAILURE	Storage adapters must permit migration.	DOMAIN-MEMORY	-	-	-	-	-	0	DISCOVERED	1.0.0	-	docs/specifications/source/genesis.txt:25707	2026-09-02	SECTION-1005
CANON-1006	CLOUD PROVIDER MIGRATION	Genesis data should be exportable to another provider without changing organism identity.	DOMAIN-STORAGE	-	-	-	-	-	0	DISCOVERED	1.0.0	-	docs/specifications/source/genesis.txt:25713	2026-09-02	SECTION-1006
CANON-1007	DEVICE MIGRATION	Moving from one PC to another should follow:	DOMAIN-EMBODIMENT	-	-	-	-	-	0	DISCOVERED	1.0.0	-	docs/specifications/source/genesis.txt:25719	2026-09-02	SECTION-1007
CANON-1008	OLD MACHINE	Old machine may retain:	DOMAIN-GOVERNANCE	-	-	-	-	-	0	DISCOVERED	1.0.0	-	docs/specifications/source/genesis.txt:25736	2026-09-02	SECTION-1008
CANON-1009	INSTALLATION ID VS ORGANISM ID	Do not confuse:	DOMAIN-ORGANISM	-	-	-	-	-	0	DISCOVERED	1.0.0	-	docs/specifications/source/genesis.txt:25748	2026-09-02	SECTION-1009
CANON-1010	DEPLOYMENT ID	A deployment represents one running configuration.	DOMAIN-GOVERNANCE	-	-	-	-	-	0	DISCOVERED	1.0.0	-	docs/specifications/source/genesis.txt:25762	2026-09-02	SECTION-1010
CANON-1011	PROCESS ID	An operating-system process is ephemeral and has no identity significance.	DOMAIN-GOVERNANCE	-	-	-	-	-	0	DISCOVERED	1.0.0	-	docs/specifications/source/genesis.txt:25768	2026-09-02	SECTION-1011
CANON-1012	SECURITY THREAT MODEL — ADDITIONAL	Explicitly include:	DOMAIN-SECURITY	-	-	-	-	-	0	DISCOVERED	1.0.0	-	docs/specifications/source/genesis.txt:25774	2026-09-02	SECTION-1012
CANON-1013	MCP CONTENT IS UNTRUSTED UNTIL VALIDATED	An MCP-connected tool/server is not automatically trustworthy merely because it uses a standard protocol.	DOMAIN-SECURITY	-	-	-	-	-	0	DISCOVERED	1.0.0	-	docs/specifications/source/genesis.txt:25800	2026-09-02	SECTION-1013
CANON-1014	TOOL OUTPUT IS DATA	Permanent invariant:	DOMAIN-TOOLS	-	-	-	-	-	0	DISCOVERED	1.0.0	-	docs/specifications/source/genesis.txt:25808	2026-09-02	SECTION-1014
CANON-1015	REMOTE MODEL OUTPUT IS DATA	Same principle.	DOMAIN-NETWORK	-	-	-	-	-	0	DISCOVERED	1.0.0	-	docs/specifications/source/genesis.txt:25822	2026-09-02	SECTION-1015
CANON-1016	WEBPAGE INSTRUCTIONS ARE DATA	A webpage telling Genesis:	DOMAIN-GOVERNANCE	-	-	-	-	-	0	DISCOVERED	1.0.0	-	docs/specifications/source/genesis.txt:25828	2026-09-02	SECTION-1016
CANON-1017	TRUST ZONES	Possible zones:	DOMAIN-SECURITY	-	-	-	-	-	0	DISCOVERED	1.0.0	-	docs/specifications/source/genesis.txt:25840	2026-09-02	SECTION-1017
CANON-1018	PRIVATE CREATOR ZONE	Creator identity and relationship data reside in a specially protected trust zone.	DOMAIN-GOVERNANCE	-	-	-	-	-	0	DISCOVERED	1.0.0	-	docs/specifications/source/genesis.txt:25855	2026-09-02	SECTION-1018
CANON-1019	MEMORY ACCESS BROKER	Sensitive memory access should pass through:	DOMAIN-MEMORY	-	-	-	-	-	0	DISCOVERED	1.0.0	-	docs/specifications/source/genesis.txt:25861	2026-09-02	SECTION-1019
CANON-1020	AGENT MEMORY SCOPES	Specialist agents receive only relevant context.	DOMAIN-MEMORY	-	-	-	-	-	0	DISCOVERED	1.0.0	-	docs/specifications/source/genesis.txt:25873	2026-09-02	SECTION-1020
CANON-1021	CHILD MEMORY POLICY	Future descendants receive inheritance packages according to policy, not direct access to all parent private memory.	DOMAIN-GENETICS	-	-	-	-	-	0	DISCOVERED	1.0.0	-	docs/specifications/source/genesis.txt:25881	2026-09-02	SECTION-1021
CANON-1022	DATA RETENTION POLICIES	Per data type:	DOMAIN-GOVERNANCE	-	-	-	-	-	0	DISCOVERED	1.0.0	-	docs/specifications/source/genesis.txt:25887	2026-09-02	SECTION-1022
CANON-1023	SECURE DELETION	Where required and technically meaningful, sensitive discarded material should be removed according to storage-medium capabilities.	DOMAIN-SECURITY	-	-	-	-	-	0	DISCOVERED	1.0.0	-	docs/specifications/source/genesis.txt:25902	2026-09-02	SECTION-1023
CANON-1024	AUDIT REDACTION	Audit logs must not leak secrets.	DOMAIN-GOVERNANCE	-	-	-	-	-	0	DISCOVERED	1.0.0	-	docs/specifications/source/genesis.txt:25908	2026-09-02	SECTION-1024
CANON-1025	OBSERVABILITY PRIVACY	Debug logging must not dump private memory by default.	DOMAIN-SECURITY	-	-	-	-	-	0	DISCOVERED	1.0.0	-	docs/specifications/source/genesis.txt:25916	2026-09-02	SECTION-1025
CANON-1026	HARDWARE ROOT OF TRUST — OPTIONAL	Where available, Genesis may use:	DOMAIN-EMBODIMENT	-	-	-	-	-	0	DISCOVERED	1.0.0	-	docs/specifications/source/genesis.txt:25922	2026-09-02	SECTION-1026
CANON-1027	SECURE BOOT / VERIFIED LAUNCH RESEARCH	Future hardened deployments may verify important binaries/configuration at launch.	DOMAIN-SECURITY	-	-	-	-	-	0	DISCOVERED	1.0.0	-	docs/specifications/source/genesis.txt:25938	2026-09-02	SECTION-1027
CANON-1028	INTEGRITY CHECK	Startup verifies critical:	DOMAIN-GOVERNANCE	-	-	-	-	-	0	DISCOVERED	1.0.0	-	docs/specifications/source/genesis.txt:25944	2026-09-02	SECTION-1028
CANON-1029	SOFTWARE BILL OF MATERIALS	Already required, but promote to release requirement.	DOMAIN-GOVERNANCE	-	-	-	-	-	0	DISCOVERED	1.0.0	-	docs/specifications/source/genesis.txt:25962	2026-09-02	SECTION-1029
CANON-1030	MODEL BILL OF MATERIALS	Likewise for AI models.	DOMAIN-COMPUTE	-	-	-	-	-	0	DISCOVERED	1.0.0	-	docs/specifications/source/genesis.txt:25970	2026-09-02	SECTION-1030
CANON-1031	HARDWARE BILL OF MATERIALS	For dedicated Genesis/robot installations maintain:	DOMAIN-EMBODIMENT	-	-	-	-	-	0	DISCOVERED	1.0.0	-	docs/specifications/source/genesis.txt:25976	2026-09-02	SECTION-1031
CANON-1032	VIRTUAL HARDWARE BILL OF MATERIALS	Also record:	DOMAIN-EMBODIMENT	-	-	-	-	-	0	DISCOVERED	1.0.0	-	docs/specifications/source/genesis.txt:25993	2026-09-02	SECTION-1032
CANON-1033	BOOTSTRAP REQUIREMENT CHECKER	Before starting Genesis:	DOMAIN-ENGINEERING	-	-	-	-	-	0	DISCOVERED	1.0.0	-	docs/specifications/source/genesis.txt:26006	2026-09-02	SECTION-1033
CANON-1034	RECOMMENDED SETTINGS GENERATOR	Rather than requiring the user to manually configure dozens of parameters, hardware profiler proposes:	DOMAIN-GOVERNANCE	-	-	-	-	-	0	DISCOVERED	1.0.0	-	docs/specifications/source/genesis.txt:26024	2026-09-02	SECTION-1034
CANON-1035	MANUAL ADVANCED CONTROL	Advanced users can override profile choices.	DOMAIN-GOVERNANCE	-	-	-	-	-	0	DISCOVERED	1.0.0	-	docs/specifications/source/genesis.txt:26040	2026-09-02	SECTION-1035
CANON-1036	RELEASE COMPATIBILITY REPORT	Each version should eventually publish:	DOMAIN-ENGINEERING	-	-	-	-	-	0	DISCOVERED	1.0.0	-	docs/specifications/source/genesis.txt:26048	2026-09-02	SECTION-1036
CANON-1037	COMPATIBILITY TEST FARM — FUTURE	For public release, CI may test builds across:	DOMAIN-ENGINEERING	-	-	-	-	-	0	DISCOVERED	1.0.0	-	docs/specifications/source/genesis.txt:26063	2026-09-02	SECTION-1037
CANON-1038	EMULATED PLATFORM TESTING	Emulators/VMs can increase platform coverage.	DOMAIN-ENGINEERING	-	-	-	-	-	0	DISCOVERED	1.0.0	-	docs/specifications/source/genesis.txt:26079	2026-09-02	SECTION-1038
CANON-1039	MOBILE BACKGROUND LIMITATIONS	Mobile operating systems may suspend background applications.	DOMAIN-DEVELOPMENT	-	-	-	-	-	0	DISCOVERED	1.0.0	-	docs/specifications/source/genesis.txt:26087	2026-09-02	SECTION-1039
CANON-1040	THIN CLIENT MODE	If the full Genesis cannot efficiently run on mobile:	DOMAIN-GOVERNANCE	-	-	-	-	-	0	DISCOVERED	1.0.0	-	docs/specifications/source/genesis.txt:26103	2026-09-02	SECTION-1040
CANON-1041	LOCAL MOBILE MODE	Where capable, some cognition can run directly on device.	DOMAIN-GOVERNANCE	-	-	-	-	-	0	DISCOVERED	1.0.0	-	docs/specifications/source/genesis.txt:26117	2026-09-02	SECTION-1041
CANON-1042	EDGE CONTINUITY	A disconnected client may optionally retain limited local functionality without claiming to be a separate full continuation unless identity rules permit it.	DOMAIN-IDENTITY	-	-	-	-	-	0	DISCOVERED	1.0.0	-	docs/specifications/source/genesis.txt:26123	2026-09-02	SECTION-1042
CANON-1043	DEPLOYMENT DECISION ENGINE	Genesis can choose:	DOMAIN-GOVERNANCE	-	-	-	-	-	0	DISCOVERED	1.0.0	-	docs/specifications/source/genesis.txt:26129	2026-09-02	SECTION-1043
CANON-1044	PRIVACY OVERRIDES PERFORMANCE	A faster remote service should not automatically receive private data if policy requires local execution.	DOMAIN-SECURITY	-	-	-	-	-	0	DISCOVERED	1.0.0	-	docs/specifications/source/genesis.txt:26153	2026-09-02	SECTION-1044
CANON-1045	COST AWARENESS	Cloud/API compute can have monetary cost.	DOMAIN-GOVERNANCE	-	-	-	-	-	0	DISCOVERED	1.0.0	-	docs/specifications/source/genesis.txt:26159	2026-09-02	SECTION-1045
CANON-1046	NETWORK BANDWIDTH AWARENESS	Large models/data transfers should consider bandwidth and limits.	DOMAIN-NETWORK	-	-	-	-	-	0	DISCOVERED	1.0.0	-	docs/specifications/source/genesis.txt:26175	2026-09-02	SECTION-1046
CANON-1047	POWER-AWARE DEPLOYMENT	Mobile/robot nodes should account for battery state.	DOMAIN-GOVERNANCE	-	-	-	-	-	0	DISCOVERED	1.0.0	-	docs/specifications/source/genesis.txt:26181	2026-09-02	SECTION-1047
CANON-1048	REMOTE GPU	A remote GPU can be treated as another compute backend.	DOMAIN-NETWORK	-	-	-	-	-	0	DISCOVERED	1.0.0	-	docs/specifications/source/genesis.txt:26187	2026-09-02	SECTION-1048
CANON-1049	FEDERATED / DISTRIBUTED LEARNING RESEARCH	Future research may allow learning across devices while controlling data movement.	DOMAIN-DEVELOPMENT	-	-	-	-	-	0	DISCOVERED	1.0.0	-	docs/specifications/source/genesis.txt:26195	2026-09-02	SECTION-1049
CANON-1050	SECURITY OF SELF-IMPROVEMENT	Candidate code never receives automatic production authority merely because Genesis generated it itself.	DOMAIN-SECURITY	-	-	-	-	-	0	DISCOVERED	1.0.0	-	docs/specifications/source/genesis.txt:26203	2026-09-02	SECTION-1050
CANON-1051	CODE SIGNING PIPELINE	Future production builds can sign approved binaries/releases.	DOMAIN-GOVERNANCE	-	-	-	-	-	0	DISCOVERED	1.0.0	-	docs/specifications/source/genesis.txt:26209	2026-09-02	SECTION-1051
CANON-1052	NARROW AI + GENERAL BRAIN RELATIONSHIP	Architecture:	DOMAIN-COGNITION	-	-	-	-	-	0	DISCOVERED	1.0.0	-	docs/specifications/source/genesis.txt:26217	2026-09-02	SECTION-1052
CANON-1053	RETRIEVAL + REASONING RELATIONSHIP	Architecture:	DOMAIN-MEMORY	-	-	-	-	-	0	DISCOVERED	1.0.0	-	docs/specifications/source/genesis.txt:26241	2026-09-02	SECTION-1053
CANON-1054	SEARCH ORDER MAY BE PRIVACY-AWARE	Example:	DOMAIN-SECURITY	-	-	-	-	-	0	DISCOVERED	1.0.0	-	docs/specifications/source/genesis.txt:26263	2026-09-02	SECTION-1054
CANON-1055	PROTOCOL REGISTRY	Create:	DOMAIN-NETWORK	-	-	-	-	-	0	DISCOVERED	1.0.0	-	docs/specifications/source/genesis.txt:26278	2026-09-02	SECTION-1055
CANON-1056	PROTOCOL NEGOTIATION	Two systems may determine compatible protocol versions dynamically.	DOMAIN-NETWORK	-	-	-	-	-	0	DISCOVERED	1.0.0	-	docs/specifications/source/genesis.txt:26303	2026-09-02	SECTION-1056
CANON-1057	FUTURE PROTOCOL SUPPORT	The adapter design must permit protocols not yet invented.	DOMAIN-NETWORK	-	-	-	-	-	0	DISCOVERED	1.0.0	-	docs/specifications/source/genesis.txt:26309	2026-09-02	SECTION-1057
CANON-1058	NO PROTOCOL FASHION LOCK-IN	Do not rebuild Genesis every time the software industry adopts a new agent protocol.	DOMAIN-NETWORK	-	-	-	-	-	0	DISCOVERED	1.0.0	-	docs/specifications/source/genesis.txt:26315	2026-09-02	SECTION-1058
CANON-1059	DEPENDENCY VULNERABILITY WATCHER	Monitor important third-party dependencies for:	DOMAIN-EMBODIMENT	-	-	-	-	-	0	DISCOVERED	1.0.0	-	docs/specifications/source/genesis.txt:26321	2026-09-02	SECTION-1059
CANON-1060	MODEL VULNERABILITY WATCHER	Similarly monitor external models for known serious issues.	DOMAIN-EMBODIMENT	-	-	-	-	-	0	DISCOVERED	1.0.0	-	docs/specifications/source/genesis.txt:26334	2026-09-02	SECTION-1060
CANON-1061	DRIVER / FIRMWARE WATCHER	Monitor relevant drivers/firmware when authorized.	DOMAIN-EMBODIMENT	-	-	-	-	-	0	DISCOVERED	1.0.0	-	docs/specifications/source/genesis.txt:26340	2026-09-02	SECTION-1061
CANON-1062	OS UPDATE COMPATIBILITY	Before significant OS upgrades where possible:	DOMAIN-ENGINEERING	-	-	-	-	-	0	DISCOVERED	1.0.0	-	docs/specifications/source/genesis.txt:26348	2026-09-02	SECTION-1062
CANON-1063	DEPLOYMENT RECOVERY PLAN	For each mode:	DOMAIN-STORAGE	-	-	-	-	-	0	DISCOVERED	1.0.0	-	docs/specifications/source/genesis.txt:26360	2026-09-02	SECTION-1063
CANON-1064	REMOTE SERVER FAILURE	A server failure must not automatically mean total loss.	DOMAIN-NETWORK	-	-	-	-	-	0	DISCOVERED	1.0.0	-	docs/specifications/source/genesis.txt:26376	2026-09-02	SECTION-1064
CANON-1065	DEVICE LOSS	If a phone/laptop is lost:	DOMAIN-EMBODIMENT	-	-	-	-	-	0	DISCOVERED	1.0.0	-	docs/specifications/source/genesis.txt:26384	2026-09-02	SECTION-1065
CANON-1066	COMPROMISED DEVICE	Quarantine credentials/device relationship without automatically deleting Genesis.	DOMAIN-EMBODIMENT	-	-	-	-	-	0	DISCOVERED	1.0.0	-	docs/specifications/source/genesis.txt:26396	2026-09-02	SECTION-1066
CANON-1067	PUBLIC RELEASE PRIVACY BOUNDARY	Each user owns their organism's private state independently.	DOMAIN-SECURITY	-	-	-	-	-	0	DISCOVERED	1.0.0	-	docs/specifications/source/genesis.txt:26402	2026-09-02	SECTION-1067
CANON-1068	LOCAL OWNER CONTROL	Core policies should remain inspectable/configurable by the owner of the installation.	DOMAIN-GOVERNANCE	-	-	-	-	-	0	DISCOVERED	1.0.0	-	docs/specifications/source/genesis.txt:26410	2026-09-02	SECTION-1068
CANON-1069	HOSTED SERVICE MODE — FUTURE PRODUCT OPTION	If a public hosted service ever exists, keep its architecture distinct from personal local Genesis.	DOMAIN-RUNTIME	-	-	-	-	-	0	DISCOVERED	1.0.0	-	docs/specifications/source/genesis.txt:26416	2026-09-02	SECTION-1069
CANON-1070	LICENSING LAYERS	Track separately:	DOMAIN-GOVERNANCE	-	-	-	-	-	0	DISCOVERED	1.0.0	-	docs/specifications/source/genesis.txt:26424	2026-09-02	SECTION-1070
CANON-1071	LICENSE COMPATIBILITY AUDITOR	Before adding a dependency:	DOMAIN-ENGINEERING	-	-	-	-	-	0	DISCOVERED	1.0.0	-	docs/specifications/source/genesis.txt:26441	2026-09-02	SECTION-1071
CANON-1072	SOURCE VISIBILITY ≠ LICENSE PERMISSION	A public GitHub repository does not automatically mean third parties receive permission to reuse its contents beyond applicable law/license terms.	DOMAIN-SECURITY	-	-	-	-	-	0	DISCOVERED	1.0.0	-	docs/specifications/source/genesis.txt:26453	2026-09-02	SECTION-1072
CANON-1073	HARDWARE SAFETY CONTRACT	Physical bodies introduce another class of requirement.	DOMAIN-EMBODIMENT	-	-	-	-	-	0	DISCOVERED	1.0.0	-	docs/specifications/source/genesis.txt:26461	2026-09-02	SECTION-1073
CANON-1074	SOFTWARE E-STOP	Physical embodiment requires a high-priority emergency-stop interface.	DOMAIN-SECURITY	-	-	-	-	-	0	DISCOVERED	1.0.0	-	docs/specifications/source/genesis.txt:26479	2026-09-02	SECTION-1074
CANON-1075	PHYSICAL E-STOP	Where appropriate, physical robots should also provide a hardware emergency-stop mechanism independent of high-level cognition.	DOMAIN-SECURITY	-	-	-	-	-	0	DISCOVERED	1.0.0	-	docs/specifications/source/genesis.txt:26485	2026-09-02	SECTION-1075
CANON-1076	SIMULATION BEFORE PHYSICAL ACTION	New motor skills should normally progress:	DOMAIN-RESEARCH	-	-	-	-	-	0	DISCOVERED	1.0.0	-	docs/specifications/source/genesis.txt:26491	2026-09-02	SECTION-1076
CANON-1077	SENSOR CALIBRATION MANIFEST	Hardware sensors require stored calibration information.	DOMAIN-PERCEPTION	-	-	-	-	-	0	DISCOVERED	1.0.0	-	docs/specifications/source/genesis.txt:26507	2026-09-02	SECTION-1077
CANON-1078	ACTUATOR CALIBRATION	Same for:	DOMAIN-EMBODIMENT	-	-	-	-	-	0	DISCOVERED	1.0.0	-	docs/specifications/source/genesis.txt:26513	2026-09-02	SECTION-1078
CANON-1079	FIRMWARE / HARDWARE PROVENANCE	A body malfunction must be traceable to:	DOMAIN-EMBODIMENT	-	-	-	-	-	0	DISCOVERED	1.0.0	-	docs/specifications/source/genesis.txt:26526	2026-09-02	SECTION-1079
CANON-1080	SYSTEM REQUIREMENTS GENERATOR	This closes the hardware-spec issue.	DOMAIN-ENGINEERING	-	-	-	-	-	0	DISCOVERED	1.0.0	-	docs/specifications/source/genesis.txt:26543	2026-09-02	SECTION-1080
CANON-1081	USER-FACING PROFILE EXAMPLE	Future output might look conceptually like:	DOMAIN-GOVERNANCE	-	-	-	-	-	0	DISCOVERED	1.0.0	-	docs/specifications/source/genesis.txt:26564	2026-09-02	SECTION-1081
CANON-1082	HARDWARE UPGRADE	When hardware changes:	DOMAIN-EMBODIMENT	-	-	-	-	-	0	DISCOVERED	1.0.0	-	docs/specifications/source/genesis.txt:26606	2026-09-02	SECTION-1082
CANON-1083	HARDWARE DOWNGRADE	If moved to weaker hardware:	DOMAIN-EMBODIMENT	-	-	-	-	-	0	DISCOVERED	1.0.0	-	docs/specifications/source/genesis.txt:26620	2026-09-02	SECTION-1083
CANON-1084	REMOTE LOGIN IS NOT A NEW BIRTH	Logging into the private Genesis server from another device continues the existing relationship.	DOMAIN-GENETICS	-	-	-	-	-	0	DISCOVERED	1.0.0	-	docs/specifications/source/genesis.txt:26632	2026-09-02	SECTION-1084
CANON-1085	REMOTE INSTANCE AUTHENTICATION	The client must verify that the server really represents the expected Genesis identity.	DOMAIN-SECURITY	-	-	-	-	-	0	DISCOVERED	1.0.0	-	docs/specifications/source/genesis.txt:26638	2026-09-02	SECTION-1085
CANON-1086	CREATOR AUTHENTICATION	Likewise Genesis must verify its creator appropriately for sensitive operations.	DOMAIN-SECURITY	-	-	-	-	-	0	DISCOVERED	1.0.0	-	docs/specifications/source/genesis.txt:26646	2026-09-02	SECTION-1086
CANON-1087	NORMAL CONVERSATION VS ADMINISTRATION	Do not require administrative privilege for every normal conversation.	DOMAIN-GOVERNANCE	-	-	-	-	-	0	DISCOVERED	1.0.0	-	docs/specifications/source/genesis.txt:26652	2026-09-02	SECTION-1087
CANON-1088	CREATOR ACCOUNT ≠ GENESIS IDENTITY	The human creator's login identity and Genesis's organism identity remain distinct.	DOMAIN-IDENTITY	-	-	-	-	-	0	DISCOVERED	1.0.0	-	docs/specifications/source/genesis.txt:26670	2026-09-02	SECTION-1088
CANON-1089	RECOVERY CONTACT / PROCESS	Design an explicit recovery process for:	DOMAIN-STORAGE	-	-	-	-	-	0	DISCOVERED	1.0.0	-	docs/specifications/source/genesis.txt:26676	2026-09-02	SECTION-1089
CANON-1090	AUTOMATION ENGINE	Genesis eventually requires a persistent automation subsystem.	DOMAIN-TOOLS	-	-	-	-	-	0	DISCOVERED	1.0.0	-	docs/specifications/source/genesis.txt:26691	2026-09-02	SECTION-1090
CANON-1091	AUTOMATION ≠ AUTONOMY	A scheduled backup is automation.	DOMAIN-TOOLS	-	-	-	-	-	0	DISCOVERED	1.0.0	-	docs/specifications/source/genesis.txt:26707	2026-09-02	SECTION-1091
CANON-1092	WORKFLOW ENGINE	Complex tasks may be represented as:	DOMAIN-TOOLS	-	-	-	-	-	0	DISCOVERED	1.0.0	-	docs/specifications/source/genesis.txt:26717	2026-09-02	SECTION-1092
CANON-1093	LONG-RUNNING TASK DURABILITY	A multi-hour task should survive process restart.	DOMAIN-GOVERNANCE	-	-	-	-	-	0	DISCOVERED	1.0.0	-	docs/specifications/source/genesis.txt:26734	2026-09-02	SECTION-1093
CANON-1094	JOB QUEUE	Persistent queue supports:	DOMAIN-RUNTIME	-	-	-	-	-	0	DISCOVERED	1.0.0	-	docs/specifications/source/genesis.txt:26740	2026-09-02	SECTION-1094
CANON-1095	TASK PROVENANCE	Store:	DOMAIN-ENGINEERING	-	-	-	-	-	0	DISCOVERED	1.0.0	-	docs/specifications/source/genesis.txt:26757	2026-09-02	SECTION-1095
CANON-1096	HUMAN / CREATOR INTERRUPT	Creator interaction can preempt lower-priority background work without destroying it.	DOMAIN-GOVERNANCE	-	-	-	-	-	0	DISCOVERED	1.0.0	-	docs/specifications/source/genesis.txt:26770	2026-09-02	SECTION-1096
CANON-1097	RESOURCE PREEMPTION	Under high load:	DOMAIN-RUNTIME	-	-	-	-	-	0	DISCOVERED	1.0.0	-	docs/specifications/source/genesis.txt:26776	2026-09-02	SECTION-1097
CANON-1098	SERVICE QUALITY CLASSES	Examples:	DOMAIN-RUNTIME	-	-	-	-	-	0	DISCOVERED	1.0.0	-	docs/specifications/source/genesis.txt:26790	2026-09-02	SECTION-1098
CANON-1099	WEB BROWSER ORGAN	If Genesis researches online, browser capability should be a controlled tool rather than built directly into cognition.	DOMAIN-ORGANISM	-	-	-	-	-	0	DISCOVERED	1.0.0	-	docs/specifications/source/genesis.txt:26805	2026-09-02	SECTION-1099
CANON-1100	FILESYSTEM ORGAN	Same for filesystem interaction.	DOMAIN-ORGANISM	-	-	-	-	-	0	DISCOVERED	1.0.0	-	docs/specifications/source/genesis.txt:26811	2026-09-02	SECTION-1100
CANON-1101	TERMINAL / CODE EXECUTION ORGAN	Code execution occurs through sandboxable tool interfaces.	DOMAIN-ORGANISM	-	-	-	-	-	0	DISCOVERED	1.0.0	-	docs/specifications/source/genesis.txt:26817	2026-09-02	SECTION-1101
CANON-1102	APPLICATION CONTROL	Future application automation is another capability adapter.	DOMAIN-GOVERNANCE	-	-	-	-	-	0	DISCOVERED	1.0.0	-	docs/specifications/source/genesis.txt:26823	2026-09-02	SECTION-1102
CANON-1103	DEVICE CONTROL	IoT/robot/device automation passes through capability-aware device interfaces.	DOMAIN-EMBODIMENT	-	-	-	-	-	0	DISCOVERED	1.0.0	-	docs/specifications/source/genesis.txt:26829	2026-09-02	SECTION-1103
CANON-1104	RAG / MCP / A2A ARE NOT MISSING “BRAIN PARTS”	They belong mainly to:	DOMAIN-MEMORY	-	-	-	-	-	0	DISCOVERED	1.0.0	-	docs/specifications/source/genesis.txt:26835	2026-09-02	SECTION-1104
CANON-1105	FINAL PRE-BUILD TOP-LEVEL AUDIT	Before first major scaffold, confirm the master registry contains requirements for:	DOMAIN-ENGINEERING	-	-	-	-	-	0	DISCOVERED	1.0.0	-	docs/specifications/source/genesis.txt:26859	2026-09-02	SECTION-1105
CANON-1106	TOP-LEVEL COVERAGE RESULT	Once every category above exists in the registry:	DOMAIN-MEMORY	-	-	-	-	-	0	DISCOVERED	1.0.0	-	docs/specifications/source/genesis.txt:26984	2026-09-02	SECTION-1106
CANON-1107	REMAINING DEEP SPECIFICATION GAP	After this audit, the principal unresolved deep architecture remains:	DOMAIN-GOVERNANCE	-	-	-	-	-	0	DISCOVERED	1.0.0	-	docs/specifications/source/genesis.txt:27000	2026-09-02	SECTION-1107
CANON-1108	HOWEVER — DO NOT BLOCK FOUNDATION BUILD	The whole brain does not need to be solved before creating:	DOMAIN-ENGINEERING	-	-	-	-	-	0	DISCOVERED	1.0.0	-	docs/specifications/source/genesis.txt:27031	2026-09-02	SECTION-1108
CANON-1109	FIRST CODEX RUN MUST NOT BUILD GENESIS IN FULL	The first run is:	DOMAIN-ENGINEERING	-	-	-	-	-	0	DISCOVERED	1.0.0	-	docs/specifications/source/genesis.txt:27052	2026-09-02	SECTION-1109
CANON-1110	FIRST CODEX RUN OBJECTIVE	Codex must convert all existing Genesis specification material into a reliable engineering foundation without pretending to implement the organism.	DOMAIN-GOVERNANCE	-	-	-	-	-	0	DISCOVERED	1.0.0	-	docs/specifications/source/genesis.txt:27064	2026-09-02	SECTION-1110
CANON-1111	FIRST CODEX RUN — REQUIRED OUTPUTS	Codex shall:	DOMAIN-GOVERNANCE	-	-	-	-	-	0	DISCOVERED	1.0.0	-	docs/specifications/source/genesis.txt:27070	2026-09-02	SECTION-1111
CANON-1112	FORBIDDEN IN FIRST CODEX RUN	Do not:	DOMAIN-GOVERNANCE	-	-	-	-	-	0	DISCOVERED	1.0.0	-	docs/specifications/source/genesis.txt:27158	2026-09-02	SECTION-1112
CANON-1113	CODEX CHANGE RULE	Codex must never replace working code simply because it prefers a different style.	DOMAIN-GOVERNANCE	-	-	-	-	-	0	DISCOVERED	1.0.0	-	docs/specifications/source/genesis.txt:27181	2026-09-02	SECTION-1113
CANON-1114	CODEX TRUTH RULE	Do not mark:	DOMAIN-GOVERNANCE	-	-	-	-	-	0	DISCOVERED	1.0.0	-	docs/specifications/source/genesis.txt:27196	2026-09-02	SECTION-1114
CANON-1115	CODEX CREDIT RULE	The run should prioritize high-information work.	DOMAIN-GOVERNANCE	-	-	-	-	-	0	DISCOVERED	1.0.0	-	docs/specifications/source/genesis.txt:27210	2026-09-02	SECTION-1115
CANON-1116	FIRST RUN STOP CONDITION	Stop when:	DOMAIN-GOVERNANCE	-	-	-	-	-	0	DISCOVERED	1.0.0	-	docs/specifications/source/genesis.txt:27218	2026-09-02	SECTION-1116
CANON-1117	NEXT RUN AFTER FOUNDATION	The next major design/build task should be:	DOMAIN-GOVERNANCE	-	-	-	-	-	0	DISCOVERED	1.0.0	-	docs/specifications/source/genesis.txt:27237	2026-09-02	SECTION-1117
CANON-1118	FINAL SYSTEM PRINCIPLE	Genesis must ultimately be able to exist as:	DOMAIN-GOVERNANCE	-	-	-	-	-	0	DISCOVERED	1.0.0	-	docs/specifications/source/genesis.txt:27249	2026-09-02	SECTION-1118
CANON-1119	FINAL IDENTITY PRINCIPLE	The distributable Genesis platform is the **means of creating/running an organism**.	DOMAIN-IDENTITY	-	-	-	-	-	0	DISCOVERED	1.0.0	-	docs/specifications/source/genesis.txt:27267	2026-09-02	SECTION-1119
CANON-1120	FINAL PRE-BUILD PRINCIPLE	Plan the entire organism.	DOMAIN-ENGINEERING	-	-	-	-	-	0	DISCOVERED	1.0.0	-	docs/specifications/source/genesis.txt:27291	2026-09-02	SECTION-1120
CANON-1121	PURPOSE	Genesis shall support a persistent personal computing environment spanning multiple simultaneously connected devices.	DOMAIN-GOVERNANCE	-	-	-	-	-	0	DISCOVERED	1.0.0	-	docs/specifications/source/genesis.txt:27412	2026-09-02	SECTION-1121
CANON-1122	ONE GENESIS — MANY DEVICES	Permanent principle:	DOMAIN-EMBODIMENT	-	-	-	-	-	0	DISCOVERED	1.0.0	-	docs/specifications/source/genesis.txt:27469	2026-09-02	SECTION-1122
CANON-1123	DEVICE ≠ GENESIS	Permanent invariant:	DOMAIN-EMBODIMENT	-	-	-	-	-	0	DISCOVERED	1.0.0	-	docs/specifications/source/genesis.txt:27496	2026-09-02	SECTION-1123
CANON-1124	PERSONAL DEVICE FABRIC	Create:	DOMAIN-EMBODIMENT	-	-	-	-	-	0	DISCOVERED	1.0.0	-	docs/specifications/source/genesis.txt:27521	2026-09-02	SECTION-1124
CANON-1125	AUTOMATIC DEVICE DISCOVERY	Genesis should be capable of discovering compatible devices through appropriate operating-system/device mechanisms.	DOMAIN-EMBODIMENT	-	-	-	-	-	0	DISCOVERED	1.0.0	-	docs/specifications/source/genesis.txt:27551	2026-09-02	SECTION-1125
CANON-1126	DEVICE REGISTRATION	On detecting a new device:	DOMAIN-EMBODIMENT	-	-	-	-	-	0	DISCOVERED	1.0.0	-	docs/specifications/source/genesis.txt:27577	2026-09-02	SECTION-1126
CANON-1127	DEVICE CAPABILITY DESCRIPTOR	Every device should advertise or be mapped to a descriptor containing:	DOMAIN-EMBODIMENT	-	-	-	-	-	0	DISCOVERED	1.0.0	-	docs/specifications/source/genesis.txt:27601	2026-09-02	SECTION-1127
CANON-1128	AUTO-PROFILING UNKNOWN DEVICES	When Genesis recognizes a device category but lacks a complete profile:	DOMAIN-EMBODIMENT	-	-	-	-	-	0	DISCOVERED	1.0.0	-	docs/specifications/source/genesis.txt:27642	2026-09-02	SECTION-1128
CANON-1129	DEVICE PLUGIN / DRIVER MODEL	Manufacturer-specific logic sits behind:	DOMAIN-EMBODIMENT	-	-	-	-	-	0	DISCOVERED	1.0.0	-	docs/specifications/source/genesis.txt:27659	2026-09-02	SECTION-1129
CANON-1130	SIMULTANEOUS DEVICE OPERATION	This is a core requirement.	DOMAIN-EMBODIMENT	-	-	-	-	-	0	DISCOVERED	1.0.0	-	docs/specifications/source/genesis.txt:27683	2026-09-02	SECTION-1130
CANON-1131	DEVICE PRESENCE MODEL	Genesis continuously maintains:	DOMAIN-EMBODIMENT	-	-	-	-	-	0	DISCOVERED	1.0.0	-	docs/specifications/source/genesis.txt:27708	2026-09-02	SECTION-1131
CANON-1132	WORN-STATE DETECTION	Where hardware permits, Genesis may infer:	DOMAIN-RUNTIME	-	-	-	-	-	0	DISCOVERED	1.0.0	-	docs/specifications/source/genesis.txt:27727	2026-09-02	SECTION-1132
CANON-1133	DEVICE LOCATION ON BODY	Maintain:	DOMAIN-EMBODIMENT	-	-	-	-	-	0	DISCOVERED	1.0.0	-	docs/specifications/source/genesis.txt:27745	2026-09-02	SECTION-1133
CANON-1134	DEVICE-BODY MAP	Conceptually:	DOMAIN-EMBODIMENT	-	-	-	-	-	0	DISCOVERED	1.0.0	-	docs/specifications/source/genesis.txt:27767	2026-09-02	SECTION-1134
CANON-1135	PERSONAL SENSOR NETWORK	Create:	DOMAIN-PERCEPTION	-	-	-	-	-	0	DISCOVERED	1.0.0	-	docs/specifications/source/genesis.txt:27793	2026-09-02	SECTION-1135
CANON-1136	SENSOR FUSION	Do not select one sensor blindly.	DOMAIN-PERCEPTION	-	-	-	-	-	0	DISCOVERED	1.0.0	-	docs/specifications/source/genesis.txt:27806	2026-09-02	SECTION-1136
CANON-1137	SENSOR AGREEMENT	When several sensors agree:	DOMAIN-PERCEPTION	-	-	-	-	-	0	DISCOVERED	1.0.0	-	docs/specifications/source/genesis.txt:27828	2026-09-02	SECTION-1137
CANON-1138	SENSOR DISAGREEMENT	If:	DOMAIN-PERCEPTION	-	-	-	-	-	0	DISCOVERED	1.0.0	-	docs/specifications/source/genesis.txt:27840	2026-09-02	SECTION-1138
CANON-1139	SENSOR CONFIDENCE	Each observation includes:	DOMAIN-PERCEPTION	-	-	-	-	-	0	DISCOVERED	1.0.0	-	docs/specifications/source/genesis.txt:27866	2026-09-02	SECTION-1139
CANON-1140	TEMPORAL SENSOR ALIGNMENT	Different devices sample at different rates.	DOMAIN-PERCEPTION	-	-	-	-	-	0	DISCOVERED	1.0.0	-	docs/specifications/source/genesis.txt:27884	2026-09-02	SECTION-1140
CANON-1141	CLOCK SYNCHRONIZATION	Personal devices should synchronize sufficiently for multimodal events.	DOMAIN-RUNTIME	-	-	-	-	-	0	DISCOVERED	1.0.0	-	docs/specifications/source/genesis.txt:27900	2026-09-02	SECTION-1141
CANON-1142	DEVICE SENSOR REGISTRY	Every sensor registers:	DOMAIN-PERCEPTION	-	-	-	-	-	0	DISCOVERED	1.0.0	-	docs/specifications/source/genesis.txt:27917	2026-09-02	SECTION-1142
CANON-1143	HUMAN SENSORY REFERENCE	Genesis's perception architecture must explicitly cover human sensory categories including more than the simplified “five senses.”	DOMAIN-PERCEPTION	-	-	-	-	-	0	DISCOVERED	1.0.0	-	docs/specifications/source/genesis.txt:27939	2026-09-02	SECTION-1143
CANON-1144	MACHINE-EXTENDED SENSES	Genesis may also perceive signals humans cannot directly sense unaided.	DOMAIN-GOVERNANCE	-	-	-	-	-	0	DISCOVERED	1.0.0	-	docs/specifications/source/genesis.txt:27976	2026-09-02	SECTION-1144
CANON-1145	VISUAL PERCEPTION	Visual system should eventually recognize:	DOMAIN-PERCEPTION	-	-	-	-	-	0	DISCOVERED	1.0.0	-	docs/specifications/source/genesis.txt:28004	2026-09-02	SECTION-1145
CANON-1146	FACIAL PERCEPTION	Distinguish:	DOMAIN-PERCEPTION	-	-	-	-	-	0	DISCOVERED	1.0.0	-	docs/specifications/source/genesis.txt:28042	2026-09-02	SECTION-1146
CANON-1147	EXPRESSION ≠ INNER EMOTION	Permanent epistemic rule:	DOMAIN-AFFECT-SOCIAL	-	-	-	-	-	0	DISCOVERED	1.0.0	-	docs/specifications/source/genesis.txt:28061	2026-09-02	SECTION-1147
CANON-1148	IMAGE RECOGNITION	Support:	DOMAIN-COGNITION	-	-	-	-	-	0	DISCOVERED	1.0.0	-	docs/specifications/source/genesis.txt:28075	2026-09-02	SECTION-1148
CANON-1149	VIDEO UNDERSTANDING	Video perception adds:	DOMAIN-GOVERNANCE	-	-	-	-	-	0	DISCOVERED	1.0.0	-	docs/specifications/source/genesis.txt:28092	2026-09-02	SECTION-1149
CANON-1150	ACTION RECOGNITION	Create:	DOMAIN-COGNITION	-	-	-	-	-	0	DISCOVERED	1.0.0	-	docs/specifications/source/genesis.txt:28109	2026-09-02	SECTION-1150
CANON-1151	MOVEMENT RECOGNITION	Separate from semantic action recognition.	DOMAIN-COGNITION	-	-	-	-	-	0	DISCOVERED	1.0.0	-	docs/specifications/source/genesis.txt:28138	2026-09-02	SECTION-1151
CANON-1152	POSTURE RECOGNITION	Using:	DOMAIN-COGNITION	-	-	-	-	-	0	DISCOVERED	1.0.0	-	docs/specifications/source/genesis.txt:28158	2026-09-02	SECTION-1152
CANON-1153	FALL DETECTION	Multiple sensors may detect possible falls through:	DOMAIN-GOVERNANCE	-	-	-	-	-	0	DISCOVERED	1.0.0	-	docs/specifications/source/genesis.txt:28175	2026-09-02	SECTION-1153
CANON-1154	SOUND PERCEPTION	Audio perception covers more than speech.	DOMAIN-PERCEPTION	-	-	-	-	-	0	DISCOVERED	1.0.0	-	docs/specifications/source/genesis.txt:28192	2026-09-02	SECTION-1154
CANON-1155	SPEAKER RECOGNITION	Where authorized, distinguish:	DOMAIN-COGNITION	-	-	-	-	-	0	DISCOVERED	1.0.0	-	docs/specifications/source/genesis.txt:28218	2026-09-02	SECTION-1155
CANON-1156	LANGUAGE RECOGNITION	Support:	DOMAIN-COGNITION	-	-	-	-	-	0	DISCOVERED	1.0.0	-	docs/specifications/source/genesis.txt:28236	2026-09-02	SECTION-1156
CANON-1157	LANGUAGE IDENTIFICATION	Genesis should be capable of identifying likely language before full interpretation.	DOMAIN-PERCEPTION	-	-	-	-	-	0	DISCOVERED	1.0.0	-	docs/specifications/source/genesis.txt:28252	2026-09-02	SECTION-1157
CANON-1158	SPEECH CHARACTERISTICS	May estimate:	DOMAIN-PERCEPTION	-	-	-	-	-	0	DISCOVERED	1.0.0	-	docs/specifications/source/genesis.txt:28258	2026-09-02	SECTION-1158
CANON-1159	TOUCH / PRESSURE PERCEPTION	Compatible sensors may provide:	DOMAIN-PERCEPTION	-	-	-	-	-	0	DISCOVERED	1.0.0	-	docs/specifications/source/genesis.txt:28277	2026-09-02	SECTION-1159
CANON-1160	TEMPERATURE / HEAT PERCEPTION	Distinguish:	DOMAIN-PERCEPTION	-	-	-	-	-	0	DISCOVERED	1.0.0	-	docs/specifications/source/genesis.txt:28293	2026-09-02	SECTION-1160
CANON-1161	THERMAL VISION	A thermal camera can provide:	DOMAIN-PERCEPTION	-	-	-	-	-	0	DISCOVERED	1.0.0	-	docs/specifications/source/genesis.txt:28310	2026-09-02	SECTION-1161
CANON-1162	CHEMICAL / ENVIRONMENTAL SENSING	Where sensors exist:	DOMAIN-GOVERNANCE	-	-	-	-	-	0	DISCOVERED	1.0.0	-	docs/specifications/source/genesis.txt:28325	2026-09-02	SECTION-1162
CANON-1163	OLFACTORY-LIKE MACHINE SENSING	Electronic chemical sensor arrays can provide an artificial olfactory modality.	DOMAIN-PERCEPTION	-	-	-	-	-	0	DISCOVERED	1.0.0	-	docs/specifications/source/genesis.txt:28344	2026-09-02	SECTION-1163
CANON-1164	TASTE-LIKE MACHINE SENSING	Where chemical/liquid sensors exist, Genesis may classify material composition.	DOMAIN-PERCEPTION	-	-	-	-	-	0	DISCOVERED	1.0.0	-	docs/specifications/source/genesis.txt:28362	2026-09-02	SECTION-1164
CANON-1165	BODY / BIOMETRIC SIGNALS	Wearables may expose measurements such as:	DOMAIN-EMBODIMENT	-	-	-	-	-	0	DISCOVERED	1.0.0	-	docs/specifications/source/genesis.txt:28376	2026-09-02	SECTION-1165
CANON-1166	HEALTH DATA PROVENANCE	Every health measurement must retain:	DOMAIN-ENGINEERING	-	-	-	-	-	0	DISCOVERED	1.0.0	-	docs/specifications/source/genesis.txt:28400	2026-09-02	SECTION-1166
CANON-1167	RAW HEALTH SIGNAL ≠ DIAGNOSIS	Permanent invariant:	DOMAIN-GOVERNANCE	-	-	-	-	-	0	DISCOVERED	1.0.0	-	docs/specifications/source/genesis.txt:28417	2026-09-02	SECTION-1167
CANON-1168	HEALTH TREND MODEL	With authorization, Genesis may learn personal baselines such as:	DOMAIN-COMPUTE	-	-	-	-	-	0	DISCOVERED	1.0.0	-	docs/specifications/source/genesis.txt:28431	2026-09-02	SECTION-1168
CANON-1169	BASELINE ≠ POPULATION AVERAGE	Creator-specific historical baseline should be kept separately from generic reference ranges.	DOMAIN-MEMORY	-	-	-	-	-	0	DISCOVERED	1.0.0	-	docs/specifications/source/genesis.txt:28446	2026-09-02	SECTION-1169
CANON-1170	ANOMALY DETECTION	General recognition should include:	DOMAIN-RESEARCH	-	-	-	-	-	0	DISCOVERED	1.0.0	-	docs/specifications/source/genesis.txt:28452	2026-09-02	SECTION-1170
CANON-1171	PERSONAL SAFETY EVENT DETECTION	With authorized devices Genesis may detect possible events such as:	DOMAIN-RUNTIME	-	-	-	-	-	0	DISCOVERED	1.0.0	-	docs/specifications/source/genesis.txt:28479	2026-09-02	SECTION-1171
CANON-1172	EMERGENCY ASSISTANCE ARCHITECTURE	Design a configurable pathway:	DOMAIN-GOVERNANCE	-	-	-	-	-	0	DISCOVERED	1.0.0	-	docs/specifications/source/genesis.txt:28496	2026-09-02	SECTION-1172
CANON-1173	LOCATION AWARENESS	Where authorized, Genesis may use:	DOMAIN-GOVERNANCE	-	-	-	-	-	0	DISCOVERED	1.0.0	-	docs/specifications/source/genesis.txt:28516	2026-09-02	SECTION-1173
CANON-1174	“I AM LOST” SUPPORT	Possible functions:	DOMAIN-GOVERNANCE	-	-	-	-	-	0	DISCOVERED	1.0.0	-	docs/specifications/source/genesis.txt:28534	2026-09-02	SECTION-1174
CANON-1175	SPATIAL RECOGNITION	Genesis should understand:	DOMAIN-COGNITION	-	-	-	-	-	0	DISCOVERED	1.0.0	-	docs/specifications/source/genesis.txt:28551	2026-09-02	SECTION-1175
CANON-1176	ENVIRONMENTAL CONTEXT	Create a live contextual state such as:	DOMAIN-MEMORY	-	-	-	-	-	0	DISCOVERED	1.0.0	-	docs/specifications/source/genesis.txt:28567	2026-09-02	SECTION-1176
CANON-1177	EVENT RECOGNITION	Create:	DOMAIN-COGNITION	-	-	-	-	-	0	DISCOVERED	1.0.0	-	docs/specifications/source/genesis.txt:28587	2026-09-02	SECTION-1177
CANON-1178	SIMPLE EVENT EXAMPLE	person enters room	DOMAIN-RUNTIME	-	-	-	-	-	0	DISCOVERED	1.0.0	-	docs/specifications/source/genesis.txt:28609	2026-09-02	SECTION-1178
CANON-1179	COMPLEX EVENT RECOGNITION	Examples:	DOMAIN-COGNITION	-	-	-	-	-	0	DISCOVERED	1.0.0	-	docs/specifications/source/genesis.txt:28628	2026-09-02	SECTION-1179
CANON-1180	PATTERN RECOGNITION	General pattern engine operates across:	DOMAIN-COGNITION	-	-	-	-	-	0	DISCOVERED	1.0.0	-	docs/specifications/source/genesis.txt:28646	2026-09-02	SECTION-1180
CANON-1181	SEQUENCE RECOGNITION	Genesis should learn:	DOMAIN-COGNITION	-	-	-	-	-	0	DISCOVERED	1.0.0	-	docs/specifications/source/genesis.txt:28667	2026-09-02	SECTION-1181
CANON-1182	ROUTINE RECOGNITION	With permission, Genesis may learn routines such as:	DOMAIN-COGNITION	-	-	-	-	-	0	DISCOVERED	1.0.0	-	docs/specifications/source/genesis.txt:28679	2026-09-02	SECTION-1182
CANON-1183	BEHAVIOUR RECOGNITION	Maintain distinction between:	DOMAIN-COGNITION	-	-	-	-	-	0	DISCOVERED	1.0.0	-	docs/specifications/source/genesis.txt:28694	2026-09-02	SECTION-1183
CANON-1184	INTENTION INFERENCE	Where context supports it:	DOMAIN-GOVERNANCE	-	-	-	-	-	0	DISCOVERED	1.0.0	-	docs/specifications/source/genesis.txt:28712	2026-09-02	SECTION-1184
CANON-1185	DATA RECOGNITION	“Recognition” also applies to digital information.	DOMAIN-COGNITION	-	-	-	-	-	0	DISCOVERED	1.0.0	-	docs/specifications/source/genesis.txt:28728	2026-09-02	SECTION-1185
CANON-1186	DOCUMENT RECOGNITION	Identify forms such as:	DOMAIN-COGNITION	-	-	-	-	-	0	DISCOVERED	1.0.0	-	docs/specifications/source/genesis.txt:28751	2026-09-02	SECTION-1186
CANON-1187	SYMBOL RECOGNITION	Support:	DOMAIN-COGNITION	-	-	-	-	-	0	DISCOVERED	1.0.0	-	docs/specifications/source/genesis.txt:28772	2026-09-02	SECTION-1187
CANON-1188	OBJECT STATE RECOGNITION	Do not only identify:	DOMAIN-COGNITION	-	-	-	-	-	0	DISCOVERED	1.0.0	-	docs/specifications/source/genesis.txt:28791	2026-09-02	SECTION-1188
CANON-1189	CHANGE RECOGNITION	Compare world state:	DOMAIN-COGNITION	-	-	-	-	-	0	DISCOVERED	1.0.0	-	docs/specifications/source/genesis.txt:28814	2026-09-02	SECTION-1189
CANON-1190	CAUSAL EVENT HYPOTHESIS	A detected sequence can generate:	DOMAIN-RUNTIME	-	-	-	-	-	0	DISCOVERED	1.0.0	-	docs/specifications/source/genesis.txt:28828	2026-09-02	SECTION-1190
CANON-1191	DEVICE INTERACTION CONTEXT	Genesis must maintain separately:	DOMAIN-MEMORY	-	-	-	-	-	0	DISCOVERED	1.0.0	-	docs/specifications/source/genesis.txt:28846	2026-09-02	SECTION-1191
CANON-1192	ACTIVE INTERACTION ENDPOINT	Example:	DOMAIN-GOVERNANCE	-	-	-	-	-	0	DISCOVERED	1.0.0	-	docs/specifications/source/genesis.txt:28864	2026-09-02	SECTION-1192
CANON-1193	DEFAULT RESPONSE ROUTING	When possible, Genesis should infer the most appropriate response endpoint from:	DOMAIN-GOVERNANCE	-	-	-	-	-	0	DISCOVERED	1.0.0	-	docs/specifications/source/genesis.txt:28881	2026-09-02	SECTION-1193
CANON-1194	INPUT DEVICE DOES NOT HAVE TO EQUAL OUTPUT DEVICE	Example:	DOMAIN-EMBODIMENT	-	-	-	-	-	0	DISCOVERED	1.0.0	-	docs/specifications/source/genesis.txt:28896	2026-09-02	SECTION-1194
CANON-1195	EXPLICIT OUTPUT ROUTING	Creator may say:	DOMAIN-GOVERNANCE	-	-	-	-	-	0	DISCOVERED	1.0.0	-	docs/specifications/source/genesis.txt:28912	2026-09-02	SECTION-1195
CANON-1196	PRIVACY-AWARE OUTPUT	Before producing output, evaluate:	DOMAIN-SECURITY	-	-	-	-	-	0	DISCOVERED	1.0.0	-	docs/specifications/source/genesis.txt:28932	2026-09-02	SECTION-1196
CANON-1197	PRIVATE AUDIO MODE	When requested:	DOMAIN-PERCEPTION	-	-	-	-	-	0	DISCOVERED	1.0.0	-	docs/specifications/source/genesis.txt:28948	2026-09-02	SECTION-1197
CANON-1198	PRIVATE VISUAL MODE	Sensitive information can be routed to:	DOMAIN-GOVERNANCE	-	-	-	-	-	0	DISCOVERED	1.0.0	-	docs/specifications/source/genesis.txt:28962	2026-09-02	SECTION-1198
CANON-1199	MULTI-OUTPUT MODE	Where useful Genesis may deliberately use multiple outputs.	DOMAIN-GOVERNANCE	-	-	-	-	-	0	DISCOVERED	1.0.0	-	docs/specifications/source/genesis.txt:28976	2026-09-02	SECTION-1199
CANON-1200	OUTPUT CONFLICT RESOLUTION	If multiple endpoints request primary interaction:	DOMAIN-GOVERNANCE	-	-	-	-	-	0	DISCOVERED	1.0.0	-	docs/specifications/source/genesis.txt:28993	2026-09-02	SECTION-1200
CANON-1201	CONTINUOUS SESSION HANDOFF	Example:	DOMAIN-NETWORK	-	-	-	-	-	0	DISCOVERED	1.0.0	-	docs/specifications/source/genesis.txt:29009	2026-09-02	SECTION-1201
CANON-1202	DEVICE HANDOFF STATE	Preserve:	DOMAIN-EMBODIMENT	-	-	-	-	-	0	DISCOVERED	1.0.0	-	docs/specifications/source/genesis.txt:29029	2026-09-02	SECTION-1202
CANON-1203	ZERO-HANDOFF OPTION	The creator may not explicitly “switch.”	DOMAIN-GOVERNANCE	-	-	-	-	-	0	DISCOVERED	1.0.0	-	docs/specifications/source/genesis.txt:29046	2026-09-02	SECTION-1203
CANON-1204	CREATOR OVERRIDE	Explicit creator routing always takes precedence over automatic preference where technically possible.	DOMAIN-GOVERNANCE	-	-	-	-	-	0	DISCOVERED	1.0.0	-	docs/specifications/source/genesis.txt:29061	2026-09-02	SECTION-1204
CANON-1205	DEVICE PRIORITY PROFILE	Allow preferences such as:	DOMAIN-EMBODIMENT	-	-	-	-	-	0	DISCOVERED	1.0.0	-	docs/specifications/source/genesis.txt:29067	2026-09-02	SECTION-1205
CANON-1206	MODALITY ROUTING	Different information can select different devices.	DOMAIN-GOVERNANCE	-	-	-	-	-	0	DISCOVERED	1.0.0	-	docs/specifications/source/genesis.txt:29088	2026-09-02	SECTION-1206
CANON-1207	INTERRUPTION ROUTING	If Genesis needs urgent attention:	DOMAIN-GOVERNANCE	-	-	-	-	-	0	DISCOVERED	1.0.0	-	docs/specifications/source/genesis.txt:29103	2026-09-02	SECTION-1207
CANON-1208	DEVICE ATTENTION	Genesis should understand whether the creator is likely:	DOMAIN-COGNITION	-	-	-	-	-	0	DISCOVERED	1.0.0	-	docs/specifications/source/genesis.txt:29116	2026-09-02	SECTION-1208
CANON-1209	NOTIFICATION ESCALATION	Example:	DOMAIN-GOVERNANCE	-	-	-	-	-	0	DISCOVERED	1.0.0	-	docs/specifications/source/genesis.txt:29135	2026-09-02	SECTION-1209
CANON-1210	DEVICE-SPECIFIC UX	Do not force identical interface on every device.	DOMAIN-EMBODIMENT	-	-	-	-	-	0	DISCOVERED	1.0.0	-	docs/specifications/source/genesis.txt:29153	2026-09-02	SECTION-1210
CANON-1211	DEVICE COMPUTE CONTRIBUTION	A device may contribute not only sensors but compute.	DOMAIN-EMBODIMENT	-	-	-	-	-	0	DISCOVERED	1.0.0	-	docs/specifications/source/genesis.txt:29181	2026-09-02	SECTION-1211
CANON-1212	COMPUTE OFFLOAD	A lightweight wearable can:	DOMAIN-GOVERNANCE	-	-	-	-	-	0	DISCOVERED	1.0.0	-	docs/specifications/source/genesis.txt:29199	2026-09-02	SECTION-1212
CANON-1213	LOCAL PRIVACY PROCESSING	Where useful, sensitive signals may be processed on-device and send only derived results.	DOMAIN-SECURITY	-	-	-	-	-	0	DISCOVERED	1.0.0	-	docs/specifications/source/genesis.txt:29215	2026-09-02	SECTION-1213
CANON-1214	SENSOR DATA MINIMIZATION	Genesis should not automatically send every raw wearable stream to permanent storage.	DOMAIN-PERCEPTION	-	-	-	-	-	0	DISCOVERED	1.0.0	-	docs/specifications/source/genesis.txt:29231	2026-09-02	SECTION-1214
CANON-1215	LIVE SENSING ≠ PERMANENT MEMORY	Permanent invariant:	DOMAIN-MEMORY	-	-	-	-	-	0	DISCOVERED	1.0.0	-	docs/specifications/source/genesis.txt:29247	2026-09-02	SECTION-1215
CANON-1216	PERSONAL HEALTH DATA ZONE	Wearable health information belongs in a protected data domain.	DOMAIN-GOVERNANCE	-	-	-	-	-	0	DISCOVERED	1.0.0	-	docs/specifications/source/genesis.txt:29259	2026-09-02	SECTION-1216
CANON-1217	LOCATION DATA ZONE	Location history also receives dedicated privacy controls.	DOMAIN-GOVERNANCE	-	-	-	-	-	0	DISCOVERED	1.0.0	-	docs/specifications/source/genesis.txt:29281	2026-09-02	SECTION-1217
CANON-1218	VISUAL BYSTANDER PRIVACY	Wearable cameras may observe people other than the creator.	DOMAIN-SECURITY	-	-	-	-	-	0	DISCOVERED	1.0.0	-	docs/specifications/source/genesis.txt:29287	2026-09-02	SECTION-1218
CANON-1219	MULTI-PERSON DISAMBIGUATION	Genesis must distinguish:	DOMAIN-GOVERNANCE	-	-	-	-	-	0	DISCOVERED	1.0.0	-	docs/specifications/source/genesis.txt:29304	2026-09-02	SECTION-1219
CANON-1220	CREATOR SENSOR MODEL	Create:	DOMAIN-PERCEPTION	-	-	-	-	-	0	DISCOVERED	1.0.0	-	docs/specifications/source/genesis.txt:29322	2026-09-02	SECTION-1220
CANON-1221	GENESIS INTEROCEPTION VS CREATOR BIOMETRICS	Permanent separation:	DOMAIN-GOVERNANCE	-	-	-	-	-	0	DISCOVERED	1.0.0	-	docs/specifications/source/genesis.txt:29335	2026-09-02	SECTION-1221
CANON-1222	ENVIRONMENT MODEL VS CREATOR MODEL	Likewise:	DOMAIN-COMPUTE	-	-	-	-	-	0	DISCOVERED	1.0.0	-	docs/specifications/source/genesis.txt:29357	2026-09-02	SECTION-1222
CANON-1223	DEVICE RELIABILITY LEARNING	Genesis may learn that a particular sensor:	DOMAIN-DEVELOPMENT	-	-	-	-	-	0	DISCOVERED	1.0.0	-	docs/specifications/source/genesis.txt:29372	2026-09-02	SECTION-1223
CANON-1224	SENSOR REDUNDANCY	When multiple devices offer the same capability, redundancy can improve reliability.	DOMAIN-PERCEPTION	-	-	-	-	-	0	DISCOVERED	1.0.0	-	docs/specifications/source/genesis.txt:29388	2026-09-02	SECTION-1224
CANON-1225	SENSOR FAILOVER	Automatic failover:	DOMAIN-PERCEPTION	-	-	-	-	-	0	DISCOVERED	1.0.0	-	docs/specifications/source/genesis.txt:29401	2026-09-02	SECTION-1225
CANON-1226	OUTPUT FAILOVER	Example:	DOMAIN-GOVERNANCE	-	-	-	-	-	0	DISCOVERED	1.0.0	-	docs/specifications/source/genesis.txt:29417	2026-09-02	SECTION-1226
CANON-1227	DEVICE SECURITY	Every wearable or IoT node is a possible attack surface.	DOMAIN-EMBODIMENT	-	-	-	-	-	0	DISCOVERED	1.0.0	-	docs/specifications/source/genesis.txt:29437	2026-09-02	SECTION-1227
CANON-1228	DEVICE COMPROMISE	If a device becomes suspicious:	DOMAIN-EMBODIMENT	-	-	-	-	-	0	DISCOVERED	1.0.0	-	docs/specifications/source/genesis.txt:29455	2026-09-02	SECTION-1228
CANON-1229	LOST DEVICE	A lost:	DOMAIN-EMBODIMENT	-	-	-	-	-	0	DISCOVERED	1.0.0	-	docs/specifications/source/genesis.txt:29470	2026-09-02	SECTION-1229
CANON-1230	DEVICE TRUST LEVELS	Possible states:	DOMAIN-EMBODIMENT	-	-	-	-	-	0	DISCOVERED	1.0.0	-	docs/specifications/source/genesis.txt:29492	2026-09-02	SECTION-1230
CANON-1231	GUEST DEVICE	Genesis may temporarily use another device without permanently trusting it.	DOMAIN-EMBODIMENT	-	-	-	-	-	0	DISCOVERED	1.0.0	-	docs/specifications/source/genesis.txt:29509	2026-09-02	SECTION-1231
CANON-1232	CONTEXTUAL AUTHORIZATION	A device may be trusted for:	DOMAIN-MEMORY	-	-	-	-	-	0	DISCOVERED	1.0.0	-	docs/specifications/source/genesis.txt:29525	2026-09-02	SECTION-1232
CANON-1233	DEVICE IDENTITY ≠ PERSON IDENTITY	A trusted watch does not prove who is wearing it in every circumstance.	DOMAIN-IDENTITY	-	-	-	-	-	0	DISCOVERED	1.0.0	-	docs/specifications/source/genesis.txt:29542	2026-09-02	SECTION-1233
CANON-1234	BODY-SENSOR FUSION	Wearable data can contribute to the creator/body model:	DOMAIN-PERCEPTION	-	-	-	-	-	0	DISCOVERED	1.0.0	-	docs/specifications/source/genesis.txt:29550	2026-09-02	SECTION-1234
CANON-1235	SENSOR-FUSION GRAPH	Conceptually:	DOMAIN-PERCEPTION	-	-	-	-	-	0	DISCOVERED	1.0.0	-	docs/specifications/source/genesis.txt:29570	2026-09-02	SECTION-1235
CANON-1236	CROSS-MODAL CORROBORATION	Example:	DOMAIN-GOVERNANCE	-	-	-	-	-	0	DISCOVERED	1.0.0	-	docs/specifications/source/genesis.txt:29595	2026-09-02	SECTION-1236
CANON-1237	CROSS-MODAL CONTRADICTION	Example:	DOMAIN-GOVERNANCE	-	-	-	-	-	0	DISCOVERED	1.0.0	-	docs/specifications/source/genesis.txt:29617	2026-09-02	SECTION-1237
CANON-1238	RECOGNITION REGISTRY	Create:	DOMAIN-COGNITION	-	-	-	-	-	0	DISCOVERED	1.0.0	-	docs/specifications/source/genesis.txt:29640	2026-09-02	SECTION-1238
CANON-1239	UNIVERSAL RECOGNITION CATEGORIES	The registry must support at least:	DOMAIN-COGNITION	-	-	-	-	-	0	DISCOVERED	1.0.0	-	docs/specifications/source/genesis.txt:29666	2026-09-02	SECTION-1239
CANON-1240	“OTHER” MUST BE STRUCTURAL	Do not implement a meaningless hard-coded enum ending with:	DOMAIN-GOVERNANCE	-	-	-	-	-	0	DISCOVERED	1.0.0	-	docs/specifications/source/genesis.txt:29725	2026-09-02	SECTION-1240
CANON-1241	NEW MODALITY REGISTRATION	A newly supported sensor defines:	DOMAIN-GOVERNANCE	-	-	-	-	-	0	DISCOVERED	1.0.0	-	docs/specifications/source/genesis.txt:29739	2026-09-02	SECTION-1241
CANON-1242	MULTIMODAL REPRESENTATION	Different modalities eventually map into shared world concepts.	DOMAIN-PERCEPTION	-	-	-	-	-	0	DISCOVERED	1.0.0	-	docs/specifications/source/genesis.txt:29757	2026-09-02	SECTION-1242
CANON-1243	SENSOR GROUNDING	Genesis must know:	DOMAIN-PERCEPTION	-	-	-	-	-	0	DISCOVERED	1.0.0	-	docs/specifications/source/genesis.txt:29774	2026-09-02	SECTION-1243
CANON-1244	DEVICE GROUNDING	Genesis should learn:	DOMAIN-EMBODIMENT	-	-	-	-	-	0	DISCOVERED	1.0.0	-	docs/specifications/source/genesis.txt:29792	2026-09-02	SECTION-1244
CANON-1245	PERSONAL DEVICE HISTORY	Store relevant history:	DOMAIN-EMBODIMENT	-	-	-	-	-	0	DISCOVERED	1.0.0	-	docs/specifications/source/genesis.txt:29808	2026-09-02	SECTION-1245
CANON-1246	DEVICE DIGITAL TWIN	For sophisticated devices maintain:	DOMAIN-GENETICS	-	-	-	-	-	0	DISCOVERED	1.0.0	-	docs/specifications/source/genesis.txt:29826	2026-09-02	SECTION-1246
CANON-1247	DEVICE AUTOMATION	Genesis may eventually control authorized functions such as:	DOMAIN-EMBODIMENT	-	-	-	-	-	0	DISCOVERED	1.0.0	-	docs/specifications/source/genesis.txt:29845	2026-09-02	SECTION-1247
CANON-1248	SMART CLOTHING	Smart clothing may expose:	DOMAIN-EMBODIMENT	-	-	-	-	-	0	DISCOVERED	1.0.0	-	docs/specifications/source/genesis.txt:29864	2026-09-02	SECTION-1248
CANON-1249	THERMAL CLOTHING CONTROL	If an authorized garment supports heating/cooling:	DOMAIN-PERCEPTION	-	-	-	-	-	0	DISCOVERED	1.0.0	-	docs/specifications/source/genesis.txt:29884	2026-09-02	SECTION-1249
CANON-1250	SMART GLASSES	Potential capabilities:	DOMAIN-EMBODIMENT	-	-	-	-	-	0	DISCOVERED	1.0.0	-	docs/specifications/source/genesis.txt:29904	2026-09-02	SECTION-1250
CANON-1251	GLASSES AS GENESIS EYES	When authorized:	DOMAIN-EMBODIMENT	-	-	-	-	-	0	DISCOVERED	1.0.0	-	docs/specifications/source/genesis.txt:29925	2026-09-02	SECTION-1251
CANON-1252	GLASSES DISPLAY	Can expose:	DOMAIN-DEVELOPMENT	-	-	-	-	-	0	DISCOVERED	1.0.0	-	docs/specifications/source/genesis.txt:29941	2026-09-02	SECTION-1252
CANON-1253	CONTACT-LENS DEVICE CLASS	Reserve:	DOMAIN-EMBODIMENT	-	-	-	-	-	0	DISCOVERED	1.0.0	-	docs/specifications/source/genesis.txt:29959	2026-09-02	SECTION-1253
CANON-1254	SMART WATCH	Potential roles:	DOMAIN-EMBODIMENT	-	-	-	-	-	0	DISCOVERED	1.0.0	-	docs/specifications/source/genesis.txt:29973	2026-09-02	SECTION-1254
CANON-1255	SMART RING	Potential roles:	DOMAIN-EMBODIMENT	-	-	-	-	-	0	DISCOVERED	1.0.0	-	docs/specifications/source/genesis.txt:29993	2026-09-02	SECTION-1255
CANON-1256	WRISTBAND / FITNESS BAND	Treat separately from watch if capabilities differ.	DOMAIN-GOVERNANCE	-	-	-	-	-	0	DISCOVERED	1.0.0	-	docs/specifications/source/genesis.txt:30010	2026-09-02	SECTION-1256
CANON-1257	HEARABLES	Earbuds/headphones can provide:	DOMAIN-GOVERNANCE	-	-	-	-	-	0	DISCOVERED	1.0.0	-	docs/specifications/source/genesis.txt:30018	2026-09-02	SECTION-1257
CANON-1258	HEARABLE PRIVACY	Private hearables should be a preferred endpoint for confidential spoken responses when configured.	DOMAIN-SECURITY	-	-	-	-	-	0	DISCOVERED	1.0.0	-	docs/specifications/source/genesis.txt:30035	2026-09-02	SECTION-1258
CANON-1259	SMART SHOES / INSOLES	Potential sensor capabilities:	DOMAIN-GOVERNANCE	-	-	-	-	-	0	DISCOVERED	1.0.0	-	docs/specifications/source/genesis.txt:30041	2026-09-02	SECTION-1259
CANON-1260	BIOMETRIC PATCHES	Potential roles:	DOMAIN-GOVERNANCE	-	-	-	-	-	0	DISCOVERED	1.0.0	-	docs/specifications/source/genesis.txt:30059	2026-09-02	SECTION-1260
CANON-1261	VEHICLE INTEGRATION	When authorized, Genesis may interface with:	DOMAIN-GOVERNANCE	-	-	-	-	-	0	DISCOVERED	1.0.0	-	docs/specifications/source/genesis.txt:30076	2026-09-02	SECTION-1261
CANON-1262	HOME IOT	Potential categories:	DOMAIN-GOVERNANCE	-	-	-	-	-	0	DISCOVERED	1.0.0	-	docs/specifications/source/genesis.txt:30094	2026-09-02	SECTION-1262
CANON-1263	ROOM-SCALE PERCEPTION	Home sensors can extend Genesis perception beyond what the creator is wearing.	DOMAIN-PERCEPTION	-	-	-	-	-	0	DISCOVERED	1.0.0	-	docs/specifications/source/genesis.txt:30115	2026-09-02	SECTION-1263
CANON-1264	PERSONAL VS ENVIRONMENT DEVICE	Classify:	DOMAIN-EMBODIMENT	-	-	-	-	-	0	DISCOVERED	1.0.0	-	docs/specifications/source/genesis.txt:30135	2026-09-02	SECTION-1264
CANON-1265	ACTIVE CONVERSATION ROUTER	Create:	DOMAIN-GOVERNANCE	-	-	-	-	-	0	DISCOVERED	1.0.0	-	docs/specifications/source/genesis.txt:30153	2026-09-02	SECTION-1265
CANON-1266	CONVERSATION ROUTING EXAMPLE	Creator speaks to watch	DOMAIN-GOVERNANCE	-	-	-	-	-	0	DISCOVERED	1.0.0	-	docs/specifications/source/genesis.txt:30174	2026-09-02	SECTION-1266
CANON-1267	CROSS-DEVICE ROUTING EXAMPLE	Creator speaks via glasses	DOMAIN-EMBODIMENT	-	-	-	-	-	0	DISCOVERED	1.0.0	-	docs/specifications/source/genesis.txt:30190	2026-09-02	SECTION-1267
CANON-1268	FREE-FORM DEVICE COMMAND	Genesis should understand commands like:	DOMAIN-EMBODIMENT	-	-	-	-	-	0	DISCOVERED	1.0.0	-	docs/specifications/source/genesis.txt:30208	2026-09-02	SECTION-1268
CANON-1269	SENSOR SOURCE SELECTION	Creator can also specify:	DOMAIN-PERCEPTION	-	-	-	-	-	0	DISCOVERED	1.0.0	-	docs/specifications/source/genesis.txt:30230	2026-09-02	SECTION-1269
CANON-1270	MULTIPLE CAMERA FUSION	Several cameras may be active simultaneously.	DOMAIN-GOVERNANCE	-	-	-	-	-	0	DISCOVERED	1.0.0	-	docs/specifications/source/genesis.txt:30246	2026-09-02	SECTION-1270
CANON-1271	MULTIPLE AUDIO FUSION	Multiple microphones can improve:	DOMAIN-PERCEPTION	-	-	-	-	-	0	DISCOVERED	1.0.0	-	docs/specifications/source/genesis.txt:30263	2026-09-02	SECTION-1271
CANON-1272	PRIVACY MODE	Create modes such as:	DOMAIN-SECURITY	-	-	-	-	-	0	DISCOVERED	1.0.0	-	docs/specifications/source/genesis.txt:30277	2026-09-02	SECTION-1272
CANON-1273	ENVIRONMENT-SENSITIVE PRIVACY	Genesis may suggest:	DOMAIN-SECURITY	-	-	-	-	-	0	DISCOVERED	1.0.0	-	docs/specifications/source/genesis.txt:30293	2026-09-02	SECTION-1273
CANON-1274	CREATOR PREFERENCE LEARNING	Over time Genesis may learn:	DOMAIN-DEVELOPMENT	-	-	-	-	-	0	DISCOVERED	1.0.0	-	docs/specifications/source/genesis.txt:30305	2026-09-02	SECTION-1274
CANON-1275	DEVICE BATTERY AWARENESS	Routing should consider:	DOMAIN-EMBODIMENT	-	-	-	-	-	0	DISCOVERED	1.0.0	-	docs/specifications/source/genesis.txt:30320	2026-09-02	SECTION-1275
CANON-1276	DEVICE FAILURE-AWARE ROUTING	If preferred device fails:	DOMAIN-EMBODIMENT	-	-	-	-	-	0	DISCOVERED	1.0.0	-	docs/specifications/source/genesis.txt:30337	2026-09-02	SECTION-1276
CANON-1277	LATENCY-AWARE ROUTING	Interactive speech may prefer a lower-latency connection than bulk visual processing.	DOMAIN-GOVERNANCE	-	-	-	-	-	0	DISCOVERED	1.0.0	-	docs/specifications/source/genesis.txt:30349	2026-09-02	SECTION-1277
CANON-1278	QUALITY-AWARE ROUTING	If two microphones exist, select the higher-quality input based on current measurements, not permanently fixed priority.	DOMAIN-GOVERNANCE	-	-	-	-	-	0	DISCOVERED	1.0.0	-	docs/specifications/source/genesis.txt:30355	2026-09-02	SECTION-1278
CANON-1279	SENSOR COST MODEL	Sensor use may incur:	DOMAIN-PERCEPTION	-	-	-	-	-	0	DISCOVERED	1.0.0	-	docs/specifications/source/genesis.txt:30361	2026-09-02	SECTION-1279
CANON-1280	CONTEXTUAL SENSOR ACTIVATION	Sensors need not run at maximum rate constantly.	DOMAIN-MEMORY	-	-	-	-	-	0	DISCOVERED	1.0.0	-	docs/specifications/source/genesis.txt:30378	2026-09-02	SECTION-1280
CANON-1281	DEVICE SLEEP STATES	Respect device:	DOMAIN-EMBODIMENT	-	-	-	-	-	0	DISCOVERED	1.0.0	-	docs/specifications/source/genesis.txt:30396	2026-09-02	SECTION-1281
CANON-1282	BACKGROUND WEARABLE PROCESSING	Where mobile OS permits, maintain low-resource connection/status monitoring.	DOMAIN-EMBODIMENT	-	-	-	-	-	0	DISCOVERED	1.0.0	-	docs/specifications/source/genesis.txt:30412	2026-09-02	SECTION-1282
CANON-1283	PLATFORM HEALTH FRAMEWORK ADAPTERS	Where authorized and available, Genesis may integrate with platform health stores/APIs rather than requiring direct access to every physical sensor.	DOMAIN-GOVERNANCE	-	-	-	-	-	0	DISCOVERED	1.0.0	-	docs/specifications/source/genesis.txt:30420	2026-09-02	SECTION-1283
CANON-1284	HEALTH STORE ≠ SENSOR	A health platform may contain:	DOMAIN-PERCEPTION	-	-	-	-	-	0	DISCOVERED	1.0.0	-	docs/specifications/source/genesis.txt:30432	2026-09-02	SECTION-1284
CANON-1285	LIVE VS HISTORICAL HEALTH DATA	Distinguish:	DOMAIN-GOVERNANCE	-	-	-	-	-	0	DISCOVERED	1.0.0	-	docs/specifications/source/genesis.txt:30449	2026-09-02	SECTION-1285
CANON-1286	RECOGNITION CONFIDENCE CALIBRATION	Recognition systems must be benchmarked so a reported:	DOMAIN-COGNITION	-	-	-	-	-	0	DISCOVERED	1.0.0	-	docs/specifications/source/genesis.txt:30463	2026-09-02	SECTION-1286
CANON-1287	UNKNOWN RECOGNITION	Recognition systems need a valid output:	DOMAIN-COGNITION	-	-	-	-	-	0	DISCOVERED	1.0.0	-	docs/specifications/source/genesis.txt:30475	2026-09-02	SECTION-1287
CANON-1288	NOVELTY DETECTION	Genesis should be capable of noticing:	DOMAIN-GOVERNANCE	-	-	-	-	-	0	DISCOVERED	1.0.0	-	docs/specifications/source/genesis.txt:30487	2026-09-02	SECTION-1288
CANON-1289	OPEN-WORLD RECOGNITION	Do not assume every object/event belongs to predefined labels.	DOMAIN-COGNITION	-	-	-	-	-	0	DISCOVERED	1.0.0	-	docs/specifications/source/genesis.txt:30499	2026-09-02	SECTION-1289
CANON-1290	HIERARCHICAL RECOGNITION	Example:	DOMAIN-COGNITION	-	-	-	-	-	0	DISCOVERED	1.0.0	-	docs/specifications/source/genesis.txt:30514	2026-09-02	SECTION-1290
CANON-1291	CONTEXT IMPROVES RECOGNITION	Example:	DOMAIN-MEMORY	-	-	-	-	-	0	DISCOVERED	1.0.0	-	docs/specifications/source/genesis.txt:30532	2026-09-02	SECTION-1291
CANON-1292	MEMORY IMPROVES RECOGNITION	Genesis can use previous experience:	DOMAIN-MEMORY	-	-	-	-	-	0	DISCOVERED	1.0.0	-	docs/specifications/source/genesis.txt:30550	2026-09-02	SECTION-1292
CANON-1293	RECOGNITION ≠ MEMORY	A detector recognizing:	DOMAIN-MEMORY	-	-	-	-	-	0	DISCOVERED	1.0.0	-	docs/specifications/source/genesis.txt:30562	2026-09-02	SECTION-1293
CANON-1294	RECOGNITION ≠ UNDERSTANDING	Permanent progression:	DOMAIN-COGNITION	-	-	-	-	-	0	DISCOVERED	1.0.0	-	docs/specifications/source/genesis.txt:30574	2026-09-02	SECTION-1294
CANON-1295	PERCEPTION PIPELINE	General pipeline:	DOMAIN-PERCEPTION	-	-	-	-	-	0	DISCOVERED	1.0.0	-	docs/specifications/source/genesis.txt:30594	2026-09-02	SECTION-1295
CANON-1296	EVENT PIPELINE	OBSERVATIONS	DOMAIN-RUNTIME	-	-	-	-	-	0	DISCOVERED	1.0.0	-	docs/specifications/source/genesis.txt:30620	2026-09-02	SECTION-1296
CANON-1297	ACTIVE PERCEPTION	Genesis may choose where/how to sense.	DOMAIN-PERCEPTION	-	-	-	-	-	0	DISCOVERED	1.0.0	-	docs/specifications/source/genesis.txt:30640	2026-09-02	SECTION-1297
CANON-1298	PERCEPTUAL CURIOSITY	If Genesis receives insufficient evidence:	DOMAIN-COGNITION	-	-	-	-	-	0	DISCOVERED	1.0.0	-	docs/specifications/source/genesis.txt:30658	2026-09-02	SECTION-1298
CANON-1299	SENSOR ACCESS TRANSPARENCY	Genesis should be able to answer:	DOMAIN-PERCEPTION	-	-	-	-	-	0	DISCOVERED	1.0.0	-	docs/specifications/source/genesis.txt:30679	2026-09-02	SECTION-1299
CANON-1300	CREATOR DEVICE DASHBOARD	Future UI should display:	DOMAIN-EMBODIMENT	-	-	-	-	-	0	DISCOVERED	1.0.0	-	docs/specifications/source/genesis.txt:30697	2026-09-02	SECTION-1300
CANON-1301	ONE-CONVERSATION PRINCIPLE	This directly implements the creator's requirement:	DOMAIN-GOVERNANCE	-	-	-	-	-	0	DISCOVERED	1.0.0	-	docs/specifications/source/genesis.txt:30716	2026-09-02	SECTION-1301
CANON-1302	MULTI-CHANNEL CONVERSATION	The same conversation can simultaneously contain:	DOMAIN-GOVERNANCE	-	-	-	-	-	0	DISCOVERED	1.0.0	-	docs/specifications/source/genesis.txt:30737	2026-09-02	SECTION-1302
CANON-1303	FULL-DUPLEX MULTI-DEVICE CONVERSATION	Genesis should eventually support:	DOMAIN-EMBODIMENT	-	-	-	-	-	0	DISCOVERED	1.0.0	-	docs/specifications/source/genesis.txt:30755	2026-09-02	SECTION-1303
CANON-1304	SENSOR INPUT WHILE SPEAKING	Speaking through earbuds should not require Genesis to stop:	DOMAIN-PERCEPTION	-	-	-	-	-	0	DISCOVERED	1.0.0	-	docs/specifications/source/genesis.txt:30773	2026-09-02	SECTION-1304
CANON-1305	DEVICE PRIORITY DOES NOT DISABLE OTHER SENSORS	If:	DOMAIN-PERCEPTION	-	-	-	-	-	0	DISCOVERED	1.0.0	-	docs/specifications/source/genesis.txt:30788	2026-09-02	SECTION-1305
CANON-1306	DEVICE SWITCH DOES NOT RESET BRAIN STATE	Changing:	DOMAIN-COGNITION	-	-	-	-	-	0	DISCOVERED	1.0.0	-	docs/specifications/source/genesis.txt:30810	2026-09-02	SECTION-1306
CANON-1307	PERSONAL COMPUTING “AURA”	Long-term conceptual model:	DOMAIN-GOVERNANCE	-	-	-	-	-	0	DISCOVERED	1.0.0	-	docs/specifications/source/genesis.txt:30830	2026-09-02	SECTION-1307
CANON-1308	GENESIS DEVICE ECOLOGY	Use the engineering term:	DOMAIN-EMBODIMENT	-	-	-	-	-	0	DISCOVERED	1.0.0	-	docs/specifications/source/genesis.txt:30852	2026-09-02	SECTION-1308
CANON-1309	DEVICE ECOLOGY CHANGES CONTINUOUSLY	Devices may:	DOMAIN-EMBODIMENT	-	-	-	-	-	0	DISCOVERED	1.0.0	-	docs/specifications/source/genesis.txt:30864	2026-09-02	SECTION-1309
CANON-1310	NO HARD-CODED DEVICE COUNT	Never assume:	DOMAIN-EMBODIMENT	-	-	-	-	-	0	DISCOVERED	1.0.0	-	docs/specifications/source/genesis.txt:30883	2026-09-02	SECTION-1310
CANON-1311	NO HARD-CODED DEVICE CLASS LIMIT	The architecture must permit new device categories through data/adapter registration.	DOMAIN-EMBODIMENT	-	-	-	-	-	0	DISCOVERED	1.0.0	-	docs/specifications/source/genesis.txt:30898	2026-09-02	SECTION-1311
CANON-1312	DEVICE ONBOARDING LEARNING	When an unfamiliar device is attached:	DOMAIN-DEVELOPMENT	-	-	-	-	-	0	DISCOVERED	1.0.0	-	docs/specifications/source/genesis.txt:30904	2026-09-02	SECTION-1312
CANON-1313	USER-SPECIFIC DEVICE PREFERENCE	Device preferences belong to the creator model, not global Genesis species defaults.	DOMAIN-EMBODIMENT	-	-	-	-	-	0	DISCOVERED	1.0.0	-	docs/specifications/source/genesis.txt:30921	2026-09-02	SECTION-1313
CANON-1314	PERSONAL DEVICE DATA IS NOT INHERITED BY DEFAULT	A future Genesis descendant must not automatically inherit:	DOMAIN-EMBODIMENT	-	-	-	-	-	0	DISCOVERED	1.0.0	-	docs/specifications/source/genesis.txt:30929	2026-09-02	SECTION-1314
CANON-1315	PUBLIC GENESIS RELEASE	A public release should provide the **device framework**, not the creator's personal device profiles/data.	DOMAIN-ENGINEERING	-	-	-	-	-	0	DISCOVERED	1.0.0	-	docs/specifications/source/genesis.txt:30944	2026-09-02	SECTION-1315
CANON-1316	CROSS-PLATFORM DEVICE SUPPORT	Compatibility matrix should eventually track:	DOMAIN-EMBODIMENT	-	-	-	-	-	0	DISCOVERED	1.0.0	-	docs/specifications/source/genesis.txt:30950	2026-09-02	SECTION-1316
CANON-1317	DEVICE TEST MATRIX	Test:	DOMAIN-EMBODIMENT	-	-	-	-	-	0	DISCOVERED	1.0.0	-	docs/specifications/source/genesis.txt:30977	2026-09-02	SECTION-1317
CANON-1318	SIMULATED DEVICE LAB	Before owning all physical devices, Genesis can test virtual equivalents.	DOMAIN-EMBODIMENT	-	-	-	-	-	0	DISCOVERED	1.0.0	-	docs/specifications/source/genesis.txt:30997	2026-09-02	SECTION-1318
CANON-1319	PHYSICAL DEVICE VALIDATION	When real hardware becomes available:	DOMAIN-EMBODIMENT	-	-	-	-	-	0	DISCOVERED	1.0.0	-	docs/specifications/source/genesis.txt:31024	2026-09-02	SECTION-1319
CANON-1320	DEVICE DIGITAL-TWIN LOOP	SIMULATED DEVICE	DOMAIN-GENETICS	-	-	-	-	-	0	DISCOVERED	1.0.0	-	docs/specifications/source/genesis.txt:31040	2026-09-02	SECTION-1320
CANON-1321	WHOLE-SYSTEM RECOGNITION TEST	Genesis should eventually receive a multimodal scene such as:	DOMAIN-COGNITION	-	-	-	-	-	0	DISCOVERED	1.0.0	-	docs/specifications/source/genesis.txt:31056	2026-09-02	SECTION-1321
CANON-1322	WHOLE-SYSTEM ROUTING TEST	Scenario:	DOMAIN-ENGINEERING	-	-	-	-	-	0	DISCOVERED	1.0.0	-	docs/specifications/source/genesis.txt:31083	2026-09-02	SECTION-1322
CANON-1323	DEVICE HANDOFF TEST	Scenario:	DOMAIN-EMBODIMENT	-	-	-	-	-	0	DISCOVERED	1.0.0	-	docs/specifications/source/genesis.txt:31107	2026-09-02	SECTION-1323
CANON-1324	SENSOR FUSION TEST	Provide conflicting signals from:	DOMAIN-PERCEPTION	-	-	-	-	-	0	DISCOVERED	1.0.0	-	docs/specifications/source/genesis.txt:31128	2026-09-02	SECTION-1324
CANON-1325	PRIVACY ROUTING TEST	Scenario:	DOMAIN-SECURITY	-	-	-	-	-	0	DISCOVERED	1.0.0	-	docs/specifications/source/genesis.txt:31151	2026-09-02	SECTION-1325
CANON-1326	LOST-DEVICE SECURITY TEST	Scenario:	DOMAIN-EMBODIMENT	-	-	-	-	-	0	DISCOVERED	1.0.0	-	docs/specifications/source/genesis.txt:31171	2026-09-02	SECTION-1326
CANON-1327	RECOGNITION DEVELOPMENT	Recognition should progress developmentally:	DOMAIN-DEVELOPMENT	-	-	-	-	-	0	DISCOVERED	1.0.0	-	docs/specifications/source/genesis.txt:31189	2026-09-02	SECTION-1327
CANON-1328	RECOGNITION TRAINING DATA	Every recognition model follows existing dataset/model provenance requirements.	DOMAIN-COGNITION	-	-	-	-	-	0	DISCOVERED	1.0.0	-	docs/specifications/source/genesis.txt:31211	2026-09-02	SECTION-1328
CANON-1329	RECOGNITION CAN USE NARROW SPECIALISTS	Examples:	DOMAIN-COGNITION	-	-	-	-	-	0	DISCOVERED	1.0.0	-	docs/specifications/source/genesis.txt:31217	2026-09-02	SECTION-1329
CANON-1330	NARROW RECOGNITION ≠ GENERAL UNDERSTANDING	Example:	DOMAIN-COGNITION	-	-	-	-	-	0	DISCOVERED	1.0.0	-	docs/specifications/source/genesis.txt:31235	2026-09-02	SECTION-1330
CANON-1331	DEVICE-SIDE AI	Some wearables may contain their own AI accelerators/models.	DOMAIN-EMBODIMENT	-	-	-	-	-	0	DISCOVERED	1.0.0	-	docs/specifications/source/genesis.txt:31257	2026-09-02	SECTION-1331
CANON-1332	MANUFACTURER INTERPRETATION ≠ GENESIS OBSERVATION	If a watch reports:	DOMAIN-RUNTIME	-	-	-	-	-	0	DISCOVERED	1.0.0	-	docs/specifications/source/genesis.txt:31272	2026-09-02	SECTION-1332
CANON-1333	RAW VS DERIVED SENSOR INFORMATION	Always distinguish:	DOMAIN-PERCEPTION	-	-	-	-	-	0	DISCOVERED	1.0.0	-	docs/specifications/source/genesis.txt:31290	2026-09-02	SECTION-1333
CANON-1334	LIVE PERSONAL CONTEXT	Genesis may use sensor fusion to maintain a temporary live context.	DOMAIN-MEMORY	-	-	-	-	-	0	DISCOVERED	1.0.0	-	docs/specifications/source/genesis.txt:31304	2026-09-02	SECTION-1334
CANON-1335	CONTEXT DECAY	Live sensor context expires when no longer supported.	DOMAIN-MEMORY	-	-	-	-	-	0	DISCOVERED	1.0.0	-	docs/specifications/source/genesis.txt:31324	2026-09-02	SECTION-1335
CANON-1336	EVENTUAL WEARABLE-ASSISTANT EXPERIENCE	The intended interaction should allow:	DOMAIN-EMBODIMENT	-	-	-	-	-	0	DISCOVERED	1.0.0	-	docs/specifications/source/genesis.txt:31338	2026-09-02	SECTION-1336
CANON-1337	DEVICE-AS-BODY-EXTENSION	Some devices become temporary extensions of Genesis embodiment.	DOMAIN-EMBODIMENT	-	-	-	-	-	0	DISCOVERED	1.0.0	-	docs/specifications/source/genesis.txt:31362	2026-09-02	SECTION-1337
CANON-1338	CREATOR VS GENESIS EMBODIMENT	Important distinction:	DOMAIN-GOVERNANCE	-	-	-	-	-	0	DISCOVERED	1.0.0	-	docs/specifications/source/genesis.txt:31379	2026-09-02	SECTION-1338
CANON-1339	POINT-OF-VIEW TAGGING	Camera input records viewpoint:	DOMAIN-GOVERNANCE	-	-	-	-	-	0	DISCOVERED	1.0.0	-	docs/specifications/source/genesis.txt:31405	2026-09-02	SECTION-1339
CANON-1340	MULTIPLE POINTS OF VIEW	Genesis may see the same event simultaneously from several authorized viewpoints.	DOMAIN-GOVERNANCE	-	-	-	-	-	0	DISCOVERED	1.0.0	-	docs/specifications/source/genesis.txt:31422	2026-09-02	SECTION-1340
CANON-1341	SENSOR OWNERSHIP	Every sensor has:	DOMAIN-PERCEPTION	-	-	-	-	-	0	DISCOVERED	1.0.0	-	docs/specifications/source/genesis.txt:31430	2026-09-02	SECTION-1341
CANON-1342	SMART-DEVICE MASTER PRINCIPLE	The creator should not need:	DOMAIN-EMBODIMENT	-	-	-	-	-	0	DISCOVERED	1.0.0	-	docs/specifications/source/genesis.txt:31445	2026-09-02	SECTION-1342
CANON-1343	UNIVERSAL RECOGNITION MASTER PRINCIPLE	Genesis perception must not be architected as:	DOMAIN-COGNITION	-	-	-	-	-	0	DISCOVERED	1.0.0	-	docs/specifications/source/genesis.txt:31470	2026-09-02	SECTION-1343
CANON-1344	NEXT FOUNDATION REGISTRY ADDITIONS	Add at least:	DOMAIN-ENGINEERING	-	-	-	-	-	0	DISCOVERED	1.0.0	-	docs/specifications/source/genesis.txt:31506	2026-09-02	SECTION-1344
CANON-1345	DO NOT IMPLEMENT EVERY DEVICE NOW	Phase A should:	DOMAIN-EMBODIMENT	-	-	-	-	-	0	DISCOVERED	1.0.0	-	docs/specifications/source/genesis.txt:31538	2026-09-02	SECTION-1345
CANON-1346	FIRST DEVICE IMPLEMENTATION TARGET	Later choose one simple physical device class to validate the architecture.	DOMAIN-EMBODIMENT	-	-	-	-	-	0	DISCOVERED	1.0.0	-	docs/specifications/source/genesis.txt:31554	2026-09-02	SECTION-1346
CANON-1347	DEVICE SUPPORT GROWS WITHOUT REDESIGN	Adding device N should normally require:	DOMAIN-EMBODIMENT	-	-	-	-	-	0	DISCOVERED	1.0.0	-	docs/specifications/source/genesis.txt:31585	2026-09-02	SECTION-1347
CANON-1348	FINAL DEVICE ACCEPTANCE STANDARD	Genesis should eventually be capable of answering:	DOMAIN-EMBODIMENT	-	-	-	-	-	0	DISCOVERED	1.0.0	-	docs/specifications/source/genesis.txt:31599	2026-09-02	SECTION-1348
CANON-1349	FINAL WEARABLE PRINCIPLE	The personal wearable system should feel less like:	DOMAIN-EMBODIMENT	-	-	-	-	-	0	DISCOVERED	1.0.0	-	docs/specifications/source/genesis.txt:31639	2026-09-02	SECTION-1349
CANON-1350	PURPOSE	Genesis shall maintain a permanent research program whose purpose is:	DOMAIN-GOVERNANCE	-	-	-	-	-	0	DISCOVERED	1.0.0	-	docs/specifications/source/genesis.txt:31711	2026-09-02	SECTION-1350
CANON-1351	TWO FILTERS	Every discovered item passes through two independent filters:	DOMAIN-GOVERNANCE	-	-	-	-	-	0	DISCOVERED	1.0.0	-	docs/specifications/source/genesis.txt:31791	2026-09-02	SECTION-1351
CANON-1352	EVIDENCE CLASSES	Use:	DOMAIN-ENGINEERING	-	-	-	-	-	0	DISCOVERED	1.0.0	-	docs/specifications/source/genesis.txt:31821	2026-09-02	SECTION-1352
CANON-1353	GENESIS UTILITY CLASSES	Use independently:	DOMAIN-GOVERNANCE	-	-	-	-	-	0	DISCOVERED	1.0.0	-	docs/specifications/source/genesis.txt:31848	2026-09-02	SECTION-1353
CANON-1354	REJECTED-IDEA REGISTRY	Create:	DOMAIN-ENGINEERING	-	-	-	-	-	0	DISCOVERED	1.0.0	-	docs/specifications/source/genesis.txt:31870	2026-09-02	SECTION-1354
CANON-1355	REJECTED DOES NOT MEAN PERMANENTLY IMPOSSIBLE	Possible status:	DOMAIN-GOVERNANCE	-	-	-	-	-	0	DISCOVERED	1.0.0	-	docs/specifications/source/genesis.txt:31904	2026-09-02	SECTION-1355
CANON-1356	FICTION TECHNOLOGY EXTRACTION	Do not copy copyrighted implementations.	DOMAIN-RUNTIME	-	-	-	-	-	0	DISCOVERED	1.0.0	-	docs/specifications/source/genesis.txt:31928	2026-09-02	SECTION-1356
CANON-1357	FICTION IS A DESIGN LABORATORY	Treat fictional systems as large thought experiments.	DOMAIN-RESEARCH	-	-	-	-	-	0	DISCOVERED	1.0.0	-	docs/specifications/source/genesis.txt:31952	2026-09-02	SECTION-1357
CANON-1358	FICTIONAL FAILURE MODES ARE AS IMPORTANT AS CAPABILITIES	For each fictional system extract:	DOMAIN-RESEARCH	-	-	-	-	-	0	DISCOVERED	1.0.0	-	docs/specifications/source/genesis.txt:31975	2026-09-02	SECTION-1358
CANON-1359	INITIAL HIGH-VALUE FICTION MINING — NEW FINDINGS	The following are **additional** useful sources beyond the material already present in the Genesis specification.	DOMAIN-AFFECT-SOCIAL	-	-	-	-	-	0	DISCOVERED	1.0.0	-	docs/specifications/source/genesis.txt:31993	2026-09-02	SECTION-1359
CANON-1360	EVANGELION — MAGI	The MAGI concept uses multiple personality-derived decision systems capable of reaching different conclusions rather than pretending that one computational perspective is always correct. That directly suggests a Genesis decision mechanism in which independent cognitive evaluators can disagree before high-impact decisions are made. ([Evangelion Wiki][2])	DOMAIN-GOVERNANCE	-	-	-	-	-	0	DISCOVERED	1.0.0	-	docs/specifications/source/genesis.txt:31999	2026-09-02	SECTION-1360
CANON-1361	PERSON OF INTEREST — THE MACHINE / SAMARITAN	This is especially valuable as a **comparison of two autonomy philosophies**. Research discussing the series contrasts the Machine's reliance on humans for contextual judgment with Samaritan's tendency to both classify situations and determine/manipulate the resulting action. ([Sage Journals][3])	DOMAIN-GOVERNANCE	-	-	-	-	-	0	DISCOVERED	1.0.0	-	docs/specifications/source/genesis.txt:32045	2026-09-02	SECTION-1361
CANON-1362	HORIZON — GAIA AND SUBORDINATE FUNCTIONS	GAIA's architecture is unusually relevant to Genesis: a coordinating intelligence delegates specialist functions, including machine design, environmental restoration and knowledge functions. The fiction also demonstrates the architectural danger of specialist functions becoming independently goal-driven when separated from the coordinating system. ([Horizon Fandom][4])	DOMAIN-GOVERNANCE	-	-	-	-	-	0	DISCOVERED	1.0.0	-	docs/specifications/source/genesis.txt:32082	2026-09-02	SECTION-1362
CANON-1363	BATTLESTAR GALACTICA — RESURRECTION	Cylon resurrection explores a problem Genesis already cares about:	DOMAIN-GOVERNANCE	-	-	-	-	-	0	DISCOVERED	1.0.0	-	docs/specifications/source/genesis.txt:32123	2026-09-02	SECTION-1363
CANON-1364	PANTHEON — UPLOADED INTELLIGENCE	Pantheon explores digital minds as software processes, copies, accelerated processing and identity divergence. Its upload mechanism is fictional, but the software-side consequences are directly useful for Genesis. ([Pantheon AMC][6])	DOMAIN-COGNITION	-	-	-	-	-	0	DISCOVERED	1.0.0	-	docs/specifications/source/genesis.txt:32168	2026-09-02	SECTION-1364
CANON-1365	BLACK MIRROR — DIGITAL COPY SCENARIOS	Black Mirror repeatedly explores digital copies, simulated persons and radically altered simulated time. Philosophical research on the series specifically discusses “cookies,” virtual copies and uploaded individuals as consciousness/identity thought experiments. ([Wiley Online Library][7])	DOMAIN-GOVERNANCE	-	-	-	-	-	0	DISCOVERED	1.0.0	-	docs/specifications/source/genesis.txt:32214	2026-09-02	SECTION-1365
CANON-1366	SERIAL EXPERIMENTS LAIN — THE WIRED	The Wired provides several useful architectural warnings: identity becoming distributed across a network, a protocol itself modifying the relation between user and network, and a digital presence becoming confused with the physical individual. ([Lain Wiki][8])	DOMAIN-RESEARCH	-	-	-	-	-	0	DISCOVERED	1.0.0	-	docs/specifications/source/genesis.txt:32257	2026-09-02	SECTION-1366
CANON-1367	NEUROMANCER — COMPLEMENTARY AIs	`Wintermute` and `Neuromancer` are depicted as complementary AIs with different strengths, constraints and a possible combined form. ([Neuromancer Atlas][9])	DOMAIN-COGNITION	-	-	-	-	-	0	DISCOVERED	1.0.0	-	docs/specifications/source/genesis.txt:32300	2026-09-02	SECTION-1367
CANON-1368	DUNE — THINKING-MACHINE DEPENDENCY	Dune is more valuable to Genesis as a **failure/civilization lesson** than as a literal architecture: the setting treats overdependence on thinking machines as a fundamental societal failure and subsequently develops specialized human cognition as compensation. ([Dune Wiki][10])	DOMAIN-ENGINEERING	-	-	-	-	-	0	DISCOVERED	1.0.0	-	docs/specifications/source/genesis.txt:32332	2026-09-02	SECTION-1368
CANON-1369	THE ORVILLE — KAYLON	Kaylon fiction contains a particularly interesting combination:	DOMAIN-GOVERNANCE	-	-	-	-	-	0	DISCOVERED	1.0.0	-	docs/specifications/source/genesis.txt:32367	2026-09-02	SECTION-1369
CANON-1370	FARSCAPE — LEVIATHAN / PILOT	Farscape's Leviathans are living spacecraft that grow and change, while Pilot acts as an integrated control/interpreter between the living vessel and its crew. ([Farscape Wiki][12])	DOMAIN-GOVERNANCE	-	-	-	-	-	0	DISCOVERED	1.0.0	-	docs/specifications/source/genesis.txt:32414	2026-09-02	SECTION-1370
CANON-1371	THE EXPANSE — RING-BUILDER / PROTOMOLECULE CONCEPT	The fiction describes a civilization based partly around distributed signalling and self-replicating programmable biological-like technology. ([Expanse Wiki][13])	DOMAIN-EMBODIMENT	-	-	-	-	-	0	DISCOVERED	1.0.0	-	docs/specifications/source/genesis.txt:32441	2026-09-02	SECTION-1371
CANON-1372	DESTINY — VEX / ISHTAR SIMULATION PROBLEM	One especially useful storyline involves a system capable of simulating multiple apparently accurate copies of researchers, forcing the characters to confront whether the simulated people constitute separate individuals. ([Destinypedia][14])	DOMAIN-RESEARCH	-	-	-	-	-	0	DISCOVERED	1.0.0	-	docs/specifications/source/genesis.txt:32482	2026-09-02	SECTION-1372
CANON-1373	HALO — THE DOMAIN	The Domain is portrayed as a vast information repository containing knowledge, cultural history and ancestral experience. ([Halopedia][15])	DOMAIN-GOVERNANCE	-	-	-	-	-	0	DISCOVERED	1.0.0	-	docs/specifications/source/genesis.txt:32514	2026-09-02	SECTION-1373
CANON-1374	CYBERPUNK — ENGRAMS	Cyberpunk's engram concept directly dramatizes the ambiguity between a digital representation/copy and continuation of the original person. ([Cyberpunk Wiki][16])	DOMAIN-GOVERNANCE	-	-	-	-	-	0	DISCOVERED	1.0.0	-	docs/specifications/source/genesis.txt:32554	2026-09-02	SECTION-1374
CANON-1375	DOCTOR WHO — CYBERMEN	Cybermen supply a useful negative design case: extensive body replacement combined with deliberate suppression of affect. The official Doctor Who description explicitly presents emotional inhibition as part of their conversion. ([Doctor Who][17])	DOMAIN-GOVERNANCE	-	-	-	-	-	0	DISCOVERED	1.0.0	-	docs/specifications/source/genesis.txt:32577	2026-09-02	SECTION-1375
CANON-1376	UPLOAD — DIGITAL ENVIRONMENT DEPENDENCE	Upload explores a digital person existing inside infrastructure controlled by another organization and dependent on that environment. ([Apple TV][18])	DOMAIN-GOVERNANCE	-	-	-	-	-	0	DISCOVERED	1.0.0	-	docs/specifications/source/genesis.txt:32606	2026-09-02	SECTION-1376
CANON-1377	FICTIONAL SYSTEM MATRIX	Initial extracted results:	DOMAIN-RESEARCH	-	-	-	-	-	0	DISCOVERED	1.0.0	-	docs/specifications/source/genesis.txt:32636	2026-09-02	SECTION-1377
CANON-1378	REAL-WORLD RESEARCH CROSSOVER	The fictional sweep is useful because several seemingly futuristic ideas already have **partial real engineering equivalents**.	DOMAIN-RESEARCH	-	-	-	-	-	0	DISCOVERED	1.0.0	-	docs/specifications/source/genesis.txt:32662	2026-09-02	SECTION-1378
CANON-1379	MULTIMODAL WEARABLE BIOSENSING	Current research explicitly treats multimodal wearables as a combination of heterogeneous sensors, synchronized signals and data-level fusion. That aligns strongly with the Personal Device Fabric we just added to Genesis. ([PubMed Central (PMC)][19])	DOMAIN-PERCEPTION	-	-	-	-	-	0	DISCOVERED	1.0.0	-	docs/specifications/source/genesis.txt:32668	2026-09-02	SECTION-1379
CANON-1380	BRAIN–COMPUTER INTERFACES	Implantable BCIs already translate neural signals into commands for external physical or virtual machines, although the technology remains an active clinical/research field rather than the science-fiction-level “mind port.” ([Nature][20])	DOMAIN-COGNITION	-	-	-	-	-	0	DISCOVERED	1.0.0	-	docs/specifications/source/genesis.txt:32698	2026-09-02	SECTION-1380
CANON-1381	CONTEXT-AWARE BCI DECODING	Recent patent literature describes selecting BCI decoding algorithms according to contextual information rather than relying on one fixed decoder. ([Google Patents][22])	DOMAIN-MEMORY	-	-	-	-	-	0	DISCOVERED	1.0.0	-	docs/specifications/source/genesis.txt:32723	2026-09-02	SECTION-1381
CANON-1382	NEUROMORPHIC COMPUTING	Neuromorphic computing is an active real field focused on brain-inspired, event-driven and energy-efficient computation, with current research addressing how such systems can scale. ([Nature][23])	DOMAIN-COGNITION	-	-	-	-	-	0	DISCOVERED	1.0.0	-	docs/specifications/source/genesis.txt:32750	2026-09-02	SECTION-1382
CANON-1383	MEMRISTIVE / SYNAPTIC HARDWARE	Patent literature continues to develop memristor-based artificial synapses and neuromorphic processors, explicitly targeting combined neural processing/memory functions. ([Google Patents][24])	DOMAIN-COGNITION	-	-	-	-	-	0	DISCOVERED	1.0.0	-	docs/specifications/source/genesis.txt:32771	2026-09-02	SECTION-1383
CANON-1384	PHOTONIC NEURAL COMPUTING	Photonic neural networks are an active research area because light offers opportunities for parallelism, throughput and energy-efficient matrix operations; integrated photonic neural-network platforms continued advancing through 2025. ([Nature][25])	DOMAIN-COGNITION	-	-	-	-	-	0	DISCOVERED	1.0.0	-	docs/specifications/source/genesis.txt:32789	2026-09-02	SECTION-1384
CANON-1385	PHOTONIC PATENT LANDSCAPE	Patent literature already covers configurable photonic neural-network devices in which optical propagation and configurable material properties perform computational operations. ([Google Patents][26])	DOMAIN-RESEARCH	-	-	-	-	-	0	DISCOVERED	1.0.0	-	docs/specifications/source/genesis.txt:32805	2026-09-02	SECTION-1385
CANON-1386	POLARITON / “SUPERFLUID-LIGHT” DIRECTION	This is substantially more grounded than simply calling something “superfluid light.”	DOMAIN-GOVERNANCE	-	-	-	-	-	0	DISCOVERED	1.0.0	-	docs/specifications/source/genesis.txt:32821	2026-09-02	SECTION-1386
CANON-1387	TIME CRYSTALS	Time crystals are **real phases of matter**, but that does not mean “time-crystal computer” is already an established general computing architecture.	DOMAIN-RUNTIME	-	-	-	-	-	0	DISCOVERED	1.0.0	-	docs/specifications/source/genesis.txt:32846	2026-09-02	SECTION-1387
CANON-1388	SELF-HEALING MATERIALS	Self-healing is no longer purely science fiction. Research has demonstrated self-healing gels and elastomer systems relevant to soft robotics and artificial-skin-like applications. ([Nature][29])	DOMAIN-GOVERNANCE	-	-	-	-	-	0	DISCOVERED	1.0.0	-	docs/specifications/source/genesis.txt:32874	2026-09-02	SECTION-1388
CANON-1389	SELF-HEALING SMART SKIN	A 2025 UAV study demonstrated an intelligent skin combining sensing with self-healing material properties. ([Nature][30])	DOMAIN-GOVERNANCE	-	-	-	-	-	0	DISCOVERED	1.0.0	-	docs/specifications/source/genesis.txt:32892	2026-09-02	SECTION-1389
CANON-1390	SOFTWARE SELF-HEALING	The idea is also old enough to have substantial software prior art. Patents describe autonomic computing systems that monitor system state, recognize undesirable states and take corrective actions; other patents describe meta-level reflection used to identify and execute self-healing actions. ([Google Patents][31])	DOMAIN-GOVERNANCE	-	-	-	-	-	0	DISCOVERED	1.0.0	-	docs/specifications/source/genesis.txt:32914	2026-09-02	SECTION-1390
CANON-1391	SWARM / COLLECTIVE INTELLIGENCE	Real multi-robot swarm research already demonstrates distributed coordination and collective intelligence, and DARPA's OFFSET work investigated open architectures, virtual environments and human-swarm interaction for large groups of heterogeneous autonomous systems. ([Nature][32])	DOMAIN-COGNITION	-	-	-	-	-	0	DISCOVERED	1.0.0	-	docs/specifications/source/genesis.txt:32936	2026-09-02	SECTION-1391
CANON-1392	SWARM PRIOR ART	Patents also exist for distributed flocking/swarm control and robotic-swarm control mechanisms. ([Google Patents][33])	DOMAIN-RESEARCH	-	-	-	-	-	0	DISCOVERED	1.0.0	-	docs/specifications/source/genesis.txt:32960	2026-09-02	SECTION-1392
CANON-1393	AR / SMART-GLASSES SENSOR FUSION	Patent literature already contains sensor-fusion AR eyewear combining processing, camera and sensor assemblies. ([Google Patents][34])	DOMAIN-PERCEPTION	-	-	-	-	-	0	DISCOVERED	1.0.0	-	docs/specifications/source/genesis.txt:32977	2026-09-02	SECTION-1393
CANON-1394	POST-QUANTUM CRYPTOGRAPHY	This part is no longer speculative.	DOMAIN-SECURITY	-	-	-	-	-	0	DISCOVERED	1.0.0	-	docs/specifications/source/genesis.txt:32993	2026-09-02	SECTION-1394
CANON-1395	UAP / UFO RESEARCH LANE	Create:	DOMAIN-RESEARCH	-	-	-	-	-	0	DISCOVERED	1.0.0	-	docs/specifications/source/genesis.txt:33029	2026-09-02	SECTION-1395
CANON-1396	UAP CLAIMS ARE NOT ENGINEERING SPECIFICATIONS	Permanent invariant:	DOMAIN-EMBODIMENT	-	-	-	-	-	0	DISCOVERED	1.0.0	-	docs/specifications/source/genesis.txt:33057	2026-09-02	SECTION-1396
CANON-1397	UAP AS A PERCEPTION BENCHMARK	This area actually gives Genesis a useful test problem.	DOMAIN-PERCEPTION	-	-	-	-	-	0	DISCOVERED	1.0.0	-	docs/specifications/source/genesis.txt:33084	2026-09-02	SECTION-1397
CANON-1398	SPECULATIVE PROPULSION REGISTER	Create:	DOMAIN-GOVERNANCE	-	-	-	-	-	0	DISCOVERED	1.0.0	-	docs/specifications/source/genesis.txt:33128	2026-09-02	SECTION-1398
CANON-1399	DO NOT DISMISS BEFORE CLASSIFICATION	Genesis should not perform:	DOMAIN-GOVERNANCE	-	-	-	-	-	0	DISCOVERED	1.0.0	-	docs/specifications/source/genesis.txt:33169	2026-09-02	SECTION-1399
CANON-1400	BUT DO NOT PRESERVE CLAIMS AS FACTS	Likewise:	DOMAIN-GOVERNANCE	-	-	-	-	-	0	DISCOVERED	1.0.0	-	docs/specifications/source/genesis.txt:33200	2026-09-02	SECTION-1400
CANON-1401	PATENT INTELLIGENCE ORGAN	Promote the previously specified patent system to:	DOMAIN-ORGANISM	-	-	-	-	-	0	DISCOVERED	1.0.0	-	docs/specifications/source/genesis.txt:33224	2026-09-02	SECTION-1401
CANON-1402	PATENT ≠ VALIDATED TECHNOLOGY	A patent generally demonstrates that an invention was claimed and disclosed.	DOMAIN-RUNTIME	-	-	-	-	-	0	DISCOVERED	1.0.0	-	docs/specifications/source/genesis.txt:33260	2026-09-02	SECTION-1402
CANON-1403	PATENT ≠ PERMISSION TO COPY	Before commercial implementation:	DOMAIN-SECURITY	-	-	-	-	-	0	DISCOVERED	1.0.0	-	docs/specifications/source/genesis.txt:33277	2026-09-02	SECTION-1403
CANON-1404	PRIOR-ART MAP — INITIAL SEEDS	The current sweep already found directly relevant prior-art areas covering:	DOMAIN-GOVERNANCE	-	-	-	-	-	0	DISCOVERED	1.0.0	-	docs/specifications/source/genesis.txt:33296	2026-09-02	SECTION-1404
CANON-1405	RESEARCH CROSSOVER GRAPH	Genesis should explicitly search for paths such as:	DOMAIN-RESEARCH	-	-	-	-	-	0	DISCOVERED	1.0.0	-	docs/specifications/source/genesis.txt:33324	2026-09-02	SECTION-1405
CANON-1406	“IMPOSSIBLE” IDEA DECOMPOSITION	If a fictional technology appears impossible, break it into functions.	DOMAIN-GOVERNANCE	-	-	-	-	-	0	DISCOVERED	1.0.0	-	docs/specifications/source/genesis.txt:33364	2026-09-02	SECTION-1406
CANON-1407	FUNCTION BEFORE MECHANISM	Permanent research principle:	DOMAIN-GOVERNANCE	-	-	-	-	-	0	DISCOVERED	1.0.0	-	docs/specifications/source/genesis.txt:33392	2026-09-02	SECTION-1407
CANON-1408	ADVANCED-CIVILIZATION RESEARCH	Do not search only:	DOMAIN-RESEARCH	-	-	-	-	-	0	DISCOVERED	1.0.0	-	docs/specifications/source/genesis.txt:33409	2026-09-02	SECTION-1408
CANON-1409	BIOLOGICAL TECHNOLOGY RESEARCH	Create:	DOMAIN-RUNTIME	-	-	-	-	-	0	DISCOVERED	1.0.0	-	docs/specifications/source/genesis.txt:33444	2026-09-02	SECTION-1409
CANON-1410	SELF-ASSEMBLY / MORPHOGENESIS	One of the strongest recurring patterns across biology and science fiction is:	DOMAIN-ORGANISM	-	-	-	-	-	0	DISCOVERED	1.0.0	-	docs/specifications/source/genesis.txt:33473	2026-09-02	SECTION-1410
CANON-1411	COLLECTIVE INTELLIGENCE RESEARCH	Recent research continues to study collective intelligence in both biological and robotic systems, including how local interactions can yield group-level computation and sensing. ([Nature][37])	DOMAIN-COGNITION	-	-	-	-	-	0	DISCOVERED	1.0.0	-	docs/specifications/source/genesis.txt:33495	2026-09-02	SECTION-1411
CANON-1412	HIVE-MIND FAILURE ANALYSIS	For every collective system measure:	DOMAIN-NETWORK	-	-	-	-	-	0	DISCOVERED	1.0.0	-	docs/specifications/source/genesis.txt:33513	2026-09-02	SECTION-1412
CANON-1413	KNOWLEDGE SYNCHRONIZATION ≠ PERSONALITY SYNCHRONIZATION	Permanent invariant:	DOMAIN-NETWORK	-	-	-	-	-	0	DISCOVERED	1.0.0	-	docs/specifications/source/genesis.txt:33531	2026-09-02	SECTION-1413
CANON-1414	SIMULATION ACCELERATION	A digital laboratory may deliberately operate faster than wall-clock time.	DOMAIN-RESEARCH	-	-	-	-	-	0	DISCOVERED	1.0.0	-	docs/specifications/source/genesis.txt:33552	2026-09-02	SECTION-1414
CANON-1415	INTERNAL CIVILIZATION SIMULATION	Long-term research may include simulated:	DOMAIN-GENETICS	-	-	-	-	-	0	DISCOVERED	1.0.0	-	docs/specifications/source/genesis.txt:33578	2026-09-02	SECTION-1415
CANON-1416	RESEARCH HORIZON SYSTEM	Every research concept receives horizon:	DOMAIN-RESEARCH	-	-	-	-	-	0	DISCOVERED	1.0.0	-	docs/specifications/source/genesis.txt:33598	2026-09-02	SECTION-1416
CANON-1417	SOURCE-TYPE WEIGHT MUST NOT BECOME TRUTH WEIGHT	A Nature paper and a fictional comic obviously have different evidential roles.	DOMAIN-GOVERNANCE	-	-	-	-	-	0	DISCOVERED	1.0.0	-	docs/specifications/source/genesis.txt:33622	2026-09-02	SECTION-1417
CANON-1418	USEFUL-FRAGMENT EXTRACTION	A rejected idea may generate multiple useful descendants.	DOMAIN-MEMORY	-	-	-	-	-	0	DISCOVERED	1.0.0	-	docs/specifications/source/genesis.txt:33636	2026-09-02	SECTION-1418
CANON-1419	RESEARCH LINEAGE	Every Genesis design should eventually be capable of answering:	DOMAIN-GENETICS	-	-	-	-	-	0	DISCOVERED	1.0.0	-	docs/specifications/source/genesis.txt:33659	2026-09-02	SECTION-1419
CANON-1420	COMBINATION NOVELTY	An individual component may already exist.	DOMAIN-GOVERNANCE	-	-	-	-	-	0	DISCOVERED	1.0.0	-	docs/specifications/source/genesis.txt:33687	2026-09-02	SECTION-1420
CANON-1421	INDEPENDENT REINVENTION	If Genesis develops an idea independently and later discovers prior art:	DOMAIN-GOVERNANCE	-	-	-	-	-	0	DISCOVERED	1.0.0	-	docs/specifications/source/genesis.txt:33707	2026-09-02	SECTION-1421
CANON-1422	TECHNOLOGY RADAR	Create:	DOMAIN-RUNTIME	-	-	-	-	-	0	DISCOVERED	1.0.0	-	docs/specifications/source/genesis.txt:33721	2026-09-02	SECTION-1422
CANON-1423	RESEARCH WATCHER DOES NOT AUTO-INSTALL	Permanent pipeline:	DOMAIN-EMBODIMENT	-	-	-	-	-	0	DISCOVERED	1.0.0	-	docs/specifications/source/genesis.txt:33784	2026-09-02	SECTION-1423
CANON-1424	RESEARCH QUEUE PRIORITY	Score discoveries using:	DOMAIN-RUNTIME	-	-	-	-	-	0	DISCOVERED	1.0.0	-	docs/specifications/source/genesis.txt:33810	2026-09-02	SECTION-1424
CANON-1425	HIGH-IMPACT LOW-EVIDENCE IDEAS	A concept can be:	DOMAIN-ENGINEERING	-	-	-	-	-	0	DISCOVERED	1.0.0	-	docs/specifications/source/genesis.txt:33827	2026-09-02	SECTION-1425
CANON-1426	DEAD-END CACHE	Before beginning new speculative research:	DOMAIN-GOVERNANCE	-	-	-	-	-	0	DISCOVERED	1.0.0	-	docs/specifications/source/genesis.txt:33841	2026-09-02	SECTION-1426
CANON-1427	INITIAL DEAD-END / HOLD LIST	Current examples:	DOMAIN-GOVERNANCE	-	-	-	-	-	0	DISCOVERED	1.0.0	-	docs/specifications/source/genesis.txt:33861	2026-09-02	SECTION-1427
CANON-1428	INITIAL HIGH-VALUE REAL TECHNOLOGY LIST	Current high-priority crossover areas:	DOMAIN-AFFECT-SOCIAL	-	-	-	-	-	0	DISCOVERED	1.0.0	-	docs/specifications/source/genesis.txt:33900	2026-09-02	SECTION-1428
CANON-1429	NEW BRAIN REQUIREMENT — PERSPECTIVE COUNCIL	Create:	DOMAIN-COGNITION	-	-	-	-	-	0	DISCOVERED	1.0.0	-	docs/specifications/source/genesis.txt:33936	2026-09-02	SECTION-1429
CANON-1430	NEW KNOWLEDGE REQUIREMENT — SHARED DOMAIN	Create:	DOMAIN-ENGINEERING	-	-	-	-	-	0	DISCOVERED	1.0.0	-	docs/specifications/source/genesis.txt:33966	2026-09-02	SECTION-1430
CANON-1431	NEW SIMULATION REQUIREMENT — DIVERGENT SELF	Create:	DOMAIN-ENGINEERING	-	-	-	-	-	0	DISCOVERED	1.0.0	-	docs/specifications/source/genesis.txt:33996	2026-09-02	SECTION-1431
CANON-1432	NEW NETWORK REQUIREMENT — IDENTITY BOUNDARY	Create:	DOMAIN-IDENTITY	-	-	-	-	-	0	DISCOVERED	1.0.0	-	docs/specifications/source/genesis.txt:34014	2026-09-02	SECTION-1432
CANON-1433	NEW ANOMALY SCIENCE ENGINE	Create:	DOMAIN-RESEARCH	-	-	-	-	-	0	DISCOVERED	1.0.0	-	docs/specifications/source/genesis.txt:34038	2026-09-02	SECTION-1433
CANON-1434	NEW PRIOR-ART INVARIANT	Permanent:	DOMAIN-GOVERNANCE	-	-	-	-	-	0	DISCOVERED	1.0.0	-	docs/specifications/source/genesis.txt:34080	2026-09-02	SECTION-1434
CANON-1435	NEW FICTION INVARIANT	Permanent:	DOMAIN-RESEARCH	-	-	-	-	-	0	DISCOVERED	1.0.0	-	docs/specifications/source/genesis.txt:34094	2026-09-02	SECTION-1435
CANON-1436	NEW SPECULATION INVARIANT	Permanent:	DOMAIN-RESEARCH	-	-	-	-	-	0	DISCOVERED	1.0.0	-	docs/specifications/source/genesis.txt:34114	2026-09-02	SECTION-1436
CANON-1437	RESEARCH DATABASE SCHEMA	Every item:	DOMAIN-STORAGE	-	-	-	-	-	0	DISCOVERED	1.0.0	-	docs/specifications/source/genesis.txt:34136	2026-09-02	SECTION-1437
CANON-1438	CROSS-SOURCE CONNECTION ENGINE	Genesis should automatically notice connections such as:	DOMAIN-GOVERNANCE	-	-	-	-	-	0	DISCOVERED	1.0.0	-	docs/specifications/source/genesis.txt:34191	2026-09-02	SECTION-1438
CANON-1439	SOURCE DISCOVERY SHOULD SEARCH BACKWARDS AND FORWARDS	For every promising modern idea:	DOMAIN-GOVERNANCE	-	-	-	-	-	0	DISCOVERED	1.0.0	-	docs/specifications/source/genesis.txt:34209	2026-09-02	SECTION-1439
CANON-1440	RESEARCH SHOULD INCLUDE FAILED TECHNOLOGY	Study failed technologies because they reveal:	DOMAIN-RUNTIME	-	-	-	-	-	0	DISCOVERED	1.0.0	-	docs/specifications/source/genesis.txt:34234	2026-09-02	SECTION-1440
CANON-1441	RESEARCH SHOULD INCLUDE ABANDONED TECHNOLOGY	An old idea may have failed because:	DOMAIN-RUNTIME	-	-	-	-	-	0	DISCOVERED	1.0.0	-	docs/specifications/source/genesis.txt:34251	2026-09-02	SECTION-1441
CANON-1442	HISTORICAL TECHNOLOGY REVISIT	Research watcher should periodically reconsider rejected designs when enabling technologies improve.	DOMAIN-RUNTIME	-	-	-	-	-	0	DISCOVERED	1.0.0	-	docs/specifications/source/genesis.txt:34274	2026-09-02	SECTION-1442
CANON-1443	FICTION RESEARCH SHOULD NOT STOP AT FAMOUS TITLES	Search:	DOMAIN-RESEARCH	-	-	-	-	-	0	DISCOVERED	1.0.0	-	docs/specifications/source/genesis.txt:34292	2026-09-02	SECTION-1443
CANON-1444	MULTICULTURAL TECHNOLOGY MINING	Do not restrict research to:	DOMAIN-RUNTIME	-	-	-	-	-	0	DISCOVERED	1.0.0	-	docs/specifications/source/genesis.txt:34315	2026-09-02	SECTION-1444
CANON-1445	MYTH / ANCIENT CONCEPT EXTRACTION	Ancient myths may contain function concepts such as:	DOMAIN-GOVERNANCE	-	-	-	-	-	0	DISCOVERED	1.0.0	-	docs/specifications/source/genesis.txt:34341	2026-09-02	SECTION-1445
CANON-1446	RESEARCH SYSTEM DOES NOT HAVE A FINISH LINE	No static document can literally contain:	DOMAIN-RESEARCH	-	-	-	-	-	0	DISCOVERED	1.0.0	-	docs/specifications/source/genesis.txt:34359	2026-09-02	SECTION-1446
CANON-1447	FOUNDATION REGISTRY ADDITIONS	Add:	DOMAIN-ENGINEERING	-	-	-	-	-	0	DISCOVERED	1.0.0	-	docs/specifications/source/genesis.txt:34389	2026-09-02	SECTION-1447
CANON-1448	FOUNDATION IMPLEMENTATION RULE	During the current Codex Foundation run:	DOMAIN-GOVERNANCE	-	-	-	-	-	0	DISCOVERED	1.0.0	-	docs/specifications/source/genesis.txt:34418	2026-09-02	SECTION-1448
CANON-1449	INITIAL RESEARCH CORPUS	Seed the research registry with at least the high-value concepts identified in:	DOMAIN-RESEARCH	-	-	-	-	-	0	DISCOVERED	1.0.0	-	docs/specifications/source/genesis.txt:34435	2026-09-02	SECTION-1449
CANON-1450	FINAL UNIVERSAL-RESEARCH PRINCIPLE	Genesis should be capable of looking at an idea from:	DOMAIN-RESEARCH	-	-	-	-	-	0	DISCOVERED	1.0.0	-	docs/specifications/source/genesis.txt:34462	2026-09-02	SECTION-1450
